PitchNo,Date,Time,Pitcher,PitcherId,PitcherThrows,PitcherTeam,PitcherSet,TaggedPitchType,PitchSession,Flag,RelSpeed,VertRelAngle,HorzRelAngle,SpinRate,SpinAxis,Tilt,RelHeight,RelSide,Extension,VertBreak,InducedVertBreak,HorzBreak,PlateLocHeight,PlateLocSide,ZoneSpeed,VertApprAngle,HorzApprAngle,ZoneTime,pfxx,pfxz,x0,y0,z0,vx0,vy0,vz0,ax0,ay0,az0,PlayID,CalibrationId,EffVelocity,PracticeType,Device,Direction,BatterId,Batter,HitSpinRate,HitType,ExitSpeed,BatterSide,Angle,PositionAt110X,PositionAt110Y,PositionAt110Z,Distance,LastTrackedDistance,HangTime,Bearing,ContactPositionX,ContactPositionY,ContactPositionZ,SpinAxis3dTransverseAngle,SpinAxis3dLongitudinalAngle,SpinAxis3dActiveSpinRate,SpinAxis3dSpinEfficiency,SpinAxis3dTilt
1,2025-09-02,13:04:40.38,"Paz, Marcos",1000164464,Right,LSU_TIG,,Fastball,Live,,90.06131,-1.923175375,-5.004659036,2280.959303,218.6233523,1:15,5.9819,2.89854,,-21.35134,15.93025,12.76405,2.34707,-0.85854,81.6593,-5.8030069,-2.685151812,0.4394592365,-7.91309,8.61718,-2.34573,50,5.74142,10.84902,-130.10705,-5.29638,-13.50422,28.42086,-17.46825,136fb290-ab6d-4c3d-8d73-ce6f5f3a9ff0,1aa949a0-302d-40da-900f-7e8fc4ee565c,,Pitching,22280001,,,,,,,,,,,,,,,,,,,,38.67063051,1780.860802,0.7807508006,
2,2025-09-02,13:05:13.12,"Paz, Marcos",1000164464,Right,LSU_TIG,,Fastball,Live,,91.74783,-0.9397495422,-3.541006187,2243.181484,214.5721507,1:15,5.95577,2.95686,4.94181,-18.75788,16.11192,11.13534,3.50284,0.53455,82.42215,-4.429376967,-1.468633825,0.4250070094,-6.96887,8.73649,-2.62188,50,5.84948,7.799,-132.93756,-2.90459,-12.28424,32.47785,-16.77397,751fc984-6948-4d4f-be3f-5213ecdabecc,1aa949a0-302d-40da-900f-7e8fc4ee565c,88.68663,Pitching,22280001,,,,,,,,,,,,,,,,,,,,31.85397843,1905.349089,0.8493958701,
3,2025-09-02,13:05:32.10,"Paz, Marcos",1000164464,Right,LSU_TIG,,Fastball,Live,,90.96681,-1.885934619,-4.699922556,2206.035171,214.0294681,1:15,5.93757,2.8429,4.98668,-17.84616,17.50774,11.854,2.66315,-0.61664,82.17668,-5.194570968,-2.503086978,0.4279471153,-7.63979,9.7414,-2.39911,50,5.74136,10.37245,-131.63302,-5.02582,-13.28162,30.3333,-15.23884,29d47ce7-87ef-4056-81f5-72d348aa2ebe,1aa949a0-302d-40da-900f-7e8fc4ee565c,88.07733,Pitching,22280001,,,,,,,,,,,,,,,,,,,,32.0378675,1870.050898,0.8476976807,
4,2025-09-02,13:05:52.65,"Paz, Marcos",1000164464,Right,LSU_TIG,,Fastball,Live,,91.23428,-1.722712004,-3.751994404,2201.320355,210.3069741,1:00,5.96794,2.80492,4.9638,-17.22629,17.91062,10.49186,2.90125,0.13026,82.32377,-4.91916362,-1.803635964,0.426631745,-6.65189,9.90613,-2.4503,50,5.78741,8.26721,-132.17101,-4.64106,-11.64013,31.00074,-14.83933,b797fd2f-98a5-49ce-a8a7-3241c05b8f73,1aa949a0-302d-40da-900f-7e8fc4ee565c,88.34889,Pitching,22280001,,,,,,,,,,,,,,,,,,,,,,,
5,2025-09-02,13:06:20.92,"Paz, Marcos",1000164464,Right,LSU_TIG,,Sinker,Live,,91.50408,-0.1526879613,-3.544357009,2223.552874,243.2196108,2:00,5.74762,3.10004,4.72633,-24.81312,10.48146,20.85876,3.53473,1.47149,82.30311,-4.748600531,0.3235759549,0.4275878695,-11.95926,5.49186,-2.76034,50,5.71099,7.3874,-132.56536,-1.33376,-20.99243,31.93215,-22.53404,49f94d80-8537-4a0b-b0a3-6049940c5529,1aa949a0-302d-40da-900f-7e8fc4ee565c,88.15133,Pitching,22280001,,,,,,,,,,,,,,,,,,,,27.1102864,1979.253356,0.8901310056,
6,2025-09-02,13:06:41.29,"Paz, Marcos",1000164464,Right,LSU_TIG,,Sinker,Live,,91.32472,-1.654146636,-5.318994625,2250.664866,239.662596,2:00,5.80137,2.86707,5.08864,-24.25595,10.75487,18.41451,2.21406,-0.62525,82.51648,-6.157240255,-1.900116951,0.4258655884,-11.3066,6.15899,-2.37746,50,5.62593,11.60509,-132.06086,-4.73905,-19.77557,30.64513,-21.40179,b4c1a6c2-c441-4486-bb22-5b714b5de8df,1aa949a0-302d-40da-900f-7e8fc4ee565c,88.50783,Pitching,22280001,,,,,,,,,,,,,,,,,,,,,,,
7,2025-09-02,13:07:06.57,"Paz, Marcos",1000164464,Right,LSU_TIG,,Sinker,Live,,92.07525,-0.2402954394,-2.973824841,2209.082729,229.4835393,1:45,5.78137,3.13657,4.91871,-20.45895,13.96961,16.39816,3.84899,1.68931,83.14942,-4.036808029,0.07156966237,0.4223094821,-9.47225,7.36915,-2.85994,50,5.74141,6.30126,-133.55983,-1.35581,-16.94945,31.28229,-18.98785,88979602-6aab-418c-bd2b-1429894626b5,1aa949a0-302d-40da-900f-7e8fc4ee565c,89.25312,Pitching,22280001,,,,,,,,,,,,,,,,,,,,24.95530581,2002.836534,0.9066371792,
8,2025-09-02,13:07:37.71,"Paz, Marcos",1000164464,Right,LSU_TIG,,Sinker,Live,,91.64424,0.9347721255,-3.244591108,2148.304132,227.6042021,1:30,5.74659,3.13464,4.98769,-20.93271,13.68972,15.06337,4.88624,1.32334,82.80831,-2.952570653,-0.44759842,0.423496827,-8.85348,6.883,-2.83414,50,5.82009,6.95763,-132.92193,1.36956,-15.72373,30.43933,-19.94987,1720e50c-89f6-4c31-b2f9-9a8bc68a644f,1aa949a0-302d-40da-900f-7e8fc4ee565c,89.00288,Pitching,22280001,,,,,,,,,,,,,,,,,,,,28.71018493,1884.193308,0.877060785,
9,2025-09-02,13:07:59.11,"Paz, Marcos",1000164464,Right,LSU_TIG,,Sinker,Live,,91.12116,-0.191315744,-3.892584552,2250.061161,241.7577771,2:00,5.83908,2.92556,5.03928,-26.05379,9.00209,16.84525,3.48706,0.65209,82.34985,-5.031356406,-0.7607915212,0.4261395286,-10.02389,4.77981,-2.56717,50,5.80057,8.35091,-132.07705,-1.42576,-17.54124,30.58039,-23.80964,2aa250bd-6ec3-476a-9632-51447d624f95,1aa949a0-302d-40da-900f-7e8fc4ee565c,88.45093,Pitching,22280001,,,,,,,,,,,,,,,,,,,,33.93892018,1866.725499,0.8296332255,
10,2025-09-02,13:08:29.02,"Paz, Marcos",1000164464,Right,LSU_TIG,,Sinker,Live,,90.74663,-1.055124709,-2.571014808,2242.446064,224.0473549,1:30,5.82845,3.08868,,-20.29794,16.13472,15.6369,3.12441,1.9256,82.04121,-4.766168502,0.2937569478,0.4344270708,-8.72592,8.52202,-2.81993,50,5.69099,5.24274,-131.50054,-3.28369,-15.1558,29.99137,-17.37239,2b58c5c6-cfba-46c8-851a-3b8910ff49f5,1aa949a0-302d-40da-900f-7e8fc4ee565c,,Pitching,22280001,,,,,,,,,,,,,,,,,,,,28.5174253,1970.374465,0.8786719542,
11,2025-09-02,13:08:59.63,"Paz, Marcos",1000164464,Right,LSU_TIG,,Sinker,Live,,91.70789,-1.514292255,-5.343852599,2262.052734,221.7422599,1:30,5.76033,2.88222,5.23635,-17.97976,16.4146,14.69868,2.83236,-0.92957,83.06154,-4.858979135,-2.615252433,0.4220996671,-9.33214,9.10836,-2.40071,50,5.6075,11.86916,-132.69342,-4.18719,-16.54517,29.88433,-16.02563,902a2675-3940-4e4e-93f2-47e005e5b1e8,1aa949a0-302d-40da-900f-7e8fc4ee565c,89.29749,Pitching,22280001,,,,,,,,,,,,,,,,,,,,29.01694964,1978.11139,0.8744762491,
12,2025-09-02,13:09:20.53,"Paz, Marcos",1000164464,Right,LSU_TIG,,Sinker,Live,,91.86028,-1.383819413,-4.544509039,2185.471016,240.2283507,2:00,5.83754,3.15792,,-26.35198,11.02333,19.31489,2.28438,0.31606,82.50325,-6.118198838,-1.069328063,0.4400112929,-10.91477,5.84687,-2.59379,50,5.62259,9.60635,-132.49882,-4.47302,-19.1507,31.75157,-21.91532,b395e720-6325-4f77-bd23-bdd20e6a7e71,1aa949a0-302d-40da-900f-7e8fc4ee565c,,Pitching,22280001,,,,,,,,,,,,,,,,,,,,29.62733803,1899.740681,0.8692591518,
13,2025-09-02,13:11:06.94,"Paz, Marcos",1000164464,Right,LSU_TIG,,Fastball,Live,,91.78167,-0.9979783501,-4.272162547,2266.825645,211.7999745,1:00,5.96475,2.75617,4.77479,-17.20972,17.76488,11.05291,3.58195,-0.3796,82.75399,-4.182253931,-2.22890931,0.4256452217,-7.05934,9.54032,-2.33793,50,5.85022,9.49083,-132.88322,-2.99978,-12.4952,31.15499,-15.28744,4e5ac88f-1dd3-4fe7-bead-108cfcabe552,1aa949a0-302d-40da-900f-7e8fc4ee565c,88.55365,Pitching,22280001,,,,,,,,,,,,,,,,,,,,32.56658839,1910.404565,0.842766434,
14,2025-09-02,13:11:50.75,"Paz, Marcos",1000164464,Right,LSU_TIG,,Sinker,Live,,91.32702,0.01577753479,-2.663327187,2236.006361,223.9735774,1:30,5.82383,3.04536,4.6633,-19.74487,15.56573,15.06265,4.19343,1.76917,82.44715,-3.632488988,0.1216221615,0.4276848859,-8.60654,8.05141,-2.7871,50,5.80816,5.55994,-132.45651,-0.75208,-15.15193,30.68219,-17.99944,81a213e6-9911-42a9-ae93-a8b2768ad01a,1aa949a0-302d-40da-900f-7e8fc4ee565c,88.13133,Pitching,22280001,,,,,,,,,,,,,,,,,,,,30.14978882,1933.508893,0.8647152918,
15,2025-09-02,13:12:10.37,"Paz, Marcos",1000164464,Right,LSU_TIG,,Sinker,Live,,91.16805,-0.6025040074,-2.029555827,2214.155951,227.9172887,1:30,5.78348,3.05312,4.58978,-20.98791,14.42491,16.00932,3.46108,2.45617,82.64893,-4.465813442,0.9234522858,0.428303567,-8.85899,7.61936,-2.85809,50,5.70247,4.04175,-132.29483,-2.23953,-15.60313,29.8553,-18.75425,b8cb141f-39bd-446f-87fd-2525204b5a95,1aa949a0-302d-40da-900f-7e8fc4ee565c,88.00403,Pitching,22280001,,,,,,,,,,,,,,,,,,,,29.01825626,1936.202298,0.8744651869,
16,2025-09-02,13:12:30.59,"Paz, Marcos",1000164464,Right,LSU_TIG,,Fastball,Live,,92.0483,-0.9558545463,-3.977123151,2346.92716,208.4932305,1:00,5.88282,2.86914,4.96368,-20.09016,14.35462,7.82016,3.30353,-0.24179,83.25146,-4.678949275,-2.527751111,0.4224089652,-5.29537,7.79705,-2.49055,50,5.77424,8.97171,-133.3809,-3.00577,-9.45807,30.97351,-18.24772,cf5caccd-eeb6-4845-a58a-2f02a770e091,1aa949a0-302d-40da-900f-7e8fc4ee565c,89.2321,Pitching,22280001,,,,,,,,,,,,,,,,,,,,33.24739365,1962.761227,0.8363110965,
17,2025-09-02,13:12:47.88,"Paz, Marcos",1000164464,Right,LSU_TIG,,Sinker,Live,,91.35509,0.13576359,-0.9572685075,2227.297756,,,5.90366,3.06413,4.52073,,,,4.14817,3.55087,82.17195,,,0.4294427264,-8.96234,6.65318,-2.97951,50,5.89726,1.53395,-132.52297,-0.60297,-15.70359,32.2129,-20.5165,9431392c-4e57-4eef-91eb-08c7c1be08f8,1aa949a0-302d-40da-900f-7e8fc4ee565c,87.77058,Pitching,22280001,,,,,,,,,,,,,,,,,,,,29.62881083,1936.070654,0.8692464439,
18,2025-09-02,13:13:20.86,"Paz, Marcos",1000164464,Right,LSU_TIG,,Sinker,Live,,91.75506,0.1983660573,-3.661891514,2217.510853,226.9643378,1:30,5.69186,3.14932,4.81893,-20.49144,14.20855,15.28353,4.17249,0.95015,83.13381,-3.58927631,-0.837718367,0.4239709442,-9.01218,7.32749,-2.79861,50,5.69441,7.91188,-133.03337,-0.34582,-16.07616,29.76878,-19.10307,20df5764-9069-498c-b649-1cc43f27a2ac,1aa949a0-302d-40da-900f-7e8fc4ee565c,88.90335,Pitching,22280001,,,,,,,,,,,,,,,,,,,,28.18127323,1954.64236,0.8814578553,
19,2025-09-02,13:13:49.50,"Paz, Marcos",1000164464,Right,LSU_TIG,,Fastball,Live,,92.08974,0.1894076783,-5.037668177,2294.119324,205.8022341,12:45,6.04892,2.81337,4.90262,-14.67467,20.18506,9.81209,5.00584,-1.14494,82.33727,-2.541907865,-3.21674344,0.4249456496,-6.78824,10.49484,-2.32798,50,6.05566,11.35923,-133.15601,-0.12437,-11.979,33.15729,-13.65413,5aa7af9d-5938-4794-a34a-e5ecd680198e,1aa949a0-302d-40da-900f-7e8fc4ee565c,88.69943,Pitching,22280001,,,,,,,,,,,,,,,,,,,,35.80361403,1860.592529,0.8110269201,
20,2025-09-02,13:14:08.47,"Paz, Marcos",1000164464,Right,LSU_TIG,,Sinker,Live,,91.0111,0.3727544181,-2.02419756,2217.259897,230.4904079,1:45,5.7134,3.08075,4.72576,-22.68347,12.7405,15.49968,4.17697,2.45124,82.27242,-3.821304934,0.8450359065,0.4283709465,-8.65154,6.49463,-2.89003,50,5.7315,4.05576,-132.07554,-0.03623,-15.15126,30.37546,-20.80015,fa20d6cc-ee6e-4e60-b5e6-fcb7d90eb674,1aa949a0-302d-40da-900f-7e8fc4ee565c,87.99019,Pitching,22280001,,,,,,,,,,,,,,,,,,,,29.06375098,1938.061944,0.8740797354,
21,2025-09-02,13:14:40.61,"Paz, Marcos",1000164464,Right,LSU_TIG,,Sinker,Live,,91.01785,-1.452316628,-3.265942677,2220.161566,241.1253997,2:00,5.7089,3.15805,4.70525,-24.13826,11.63899,21.13241,2.31651,1.81617,81.8422,-5.918269107,0.6568160922,0.4305017512,-12.03269,6.51513,-2.84561,50,5.54104,6.69174,-131.8271,-4.29658,-20.83936,32.16156,-20.89052,b39a15ae-880c-4221-b8ad-163cf60f7791,1aa949a0-302d-40da-900f-7e8fc4ee565c,87.55467,Pitching,22280001,,,,,,,,,,,,,,,,,,,,19.25749871,2095.934342,0.9440458633,
22,2025-09-02,13:15:12.19,"Paz, Marcos",1000164464,Right,LSU_TIG,,Sinker,Live,,91.65991,1.36746441,-3.142298468,2239.09802,243.752413,2:15,5.60504,3.10493,,-26.96014,9.34599,19.08915,4.67919,1.66263,82.3863,-3.548127618,0.3399339785,0.4336720449,-10.58274,4.2773,-2.76014,50,5.73456,6.43594,-132.62786,1.97717,-18.63751,31.34778,-24.64118,c7afb8b0-faf9-4f71-b09a-4c801f3146dd,1aa949a0-302d-40da-900f-7e8fc4ee565c,,Pitching,22280001,,,,,,,,,,,,,,,,,,,,29.7603195,1943.7821,0.8681094273,
23,2025-09-02,13:15:33.15,"Paz, Marcos",1000164464,Right,LSU_TIG,,Sinker,Live,,91.05397,-1.394140553,-4.190472725,2237.542892,243.2659323,2:00,5.56236,3.19114,5.08086,-24.50784,10.6244,21.12684,2.20229,0.99514,82.27484,-5.947546826,-0.2576340807,0.426603425,-12.39348,6.0128,-2.81036,50,5.4114,8.8724,-131.89083,-4.13604,-21.60303,30.77882,-21.69316,905f6e5f-c152-407d-8ada-b0ca78b60733,1aa949a0-302d-40da-900f-7e8fc4ee565c,88.35475,Pitching,22280001,,,,,,,,,,,,,,,,,,,,35.82427669,1814.235343,0.8108158948,
24,2025-09-02,13:20:02.68,"Evans, Casan",815786,Right,LSU_FAL,,Fastball,Live,,88.71095,-1.696506004,-3.756519495,2344.316209,212.5493336,1:00,5.65433,2.64259,5.89638,-20.29286,15.56745,9.96021,2.3846,-0.01944,80.20682,-5.522431811,-1.875542763,0.4310011241,-6.55858,8.95041,-2.34608,50,5.50618,8.13324,-128.71975,-4.46899,-10.87789,29.57065,-17.32914,3fa0c36b-0f41-427d-8362-cf6a9bfc33ba,1aa949a0-302d-40da-900f-7e8fc4ee565c,87.45323,Pitching,22280001,,,,,,,,,,,,,,,,,,,,32.30648426,1981.419235,0.8452013542,
25,2025-09-02,13:20:15.91,"Evans, Casan",815786,Right,LSU_FAL,,Fastball,Live,,89.58136,-1.946037794,-4.612051986,2399.452632,220.9458957,1:15,5.64294,2.64293,6.04353,-20.12035,14.77764,12.85053,2.15826,-0.5648,81.33264,-5.739755532,-2.187513323,0.4251787879,-8.3529,8.6069,-2.29045,50,5.48024,10.07403,-129.89786,-5.06179,-14.17772,28.88596,-17.5652,47f86cfb-e00a-4f43-83bc-3baf0726dbc5,1aa949a0-302d-40da-900f-7e8fc4ee565c,88.6508,Pitching,22280001,,,,,,,,,,,,,,,,,,,,30.97607278,2057.248241,0.8573823104,
26,2025-09-02,13:20:27.32,"Evans, Casan",815786,Right,LSU_FAL,,Fastball,Live,,89.68853,-2.429751423,-2.644650733,2449.542577,209.8490821,1:00,5.73615,2.52251,5.88285,-16.50784,18.69355,10.73374,2.10072,0.95968,80.7545,-5.547755607,-0.6102285726,0.4270230529,-6.66888,10.9084,-2.31542,50,5.53068,5.66653,-130.17622,-6.06234,-11.2608,31.39512,-13.75456,518ac7f7-a173-4248-b716-2d653873f4e0,1aa949a0-302d-40da-900f-7e8fc4ee565c,88.26793,Pitching,22280001,,,,,,,,,,,,,,,,,,,,25.5001748,2210.917866,0.9025839709,
27,2025-09-02,13:20:39.50,"Evans, Casan",815786,Right,LSU_FAL,,Fastball,Live,,89.62049,-1.571933259,-4.339991978,2348.931413,220.1721307,1:15,5.59523,2.5517,5.84376,-20.47761,14.56702,12.33173,2.42358,-0.46103,81.47341,-5.417697611,-2.022693101,0.426071155,-7.91613,8.31246,-2.20563,50,5.45516,9.4623,-130.00145,-4.24835,-13.48235,28.47113,-18.01669,ccc553b2-c25e-478e-be08-d25eecb125eb,1aa949a0-302d-40da-900f-7e8fc4ee565c,88.46513,Pitching,22280001,,,,,,,,,,,,,,,,,,,,30.43708576,2025.215659,0.8621859487,
28,2025-09-02,13:20:54.05,"Evans, Casan",815786,Right,LSU_FAL,,Fastball,Live,,88.56248,-2.96816663,-4.867963136,2480.307395,206.0880938,12:45,5.62486,2.63665,6.04263,-16.41404,19.51317,9.57014,1.49694,-1.08305,80.09156,-6.065024397,-3.060667522,0.4314029585,-6.71447,11.53296,-2.26227,50,5.38416,10.625,-128.23789,-7.18206,-11.05904,29.22087,-13.17873,fd87a062-3480-4f5f-99c1-2ff14f0bb162,1aa949a0-302d-40da-900f-7e8fc4ee565c,87.37177,Pitching,22280001,,,,,,,,,,,,,,,,,,,,,,,
29,2025-09-02,13:21:11.43,"Evans, Casan",815786,Right,LSU_FAL,,Sinker,Live,,90.04907,-2.036888701,-3.261142497,2150.194012,239.4951593,2:00,5.66006,2.78663,5.78455,-25.2682,9.74248,16.54534,1.65576,1.12856,81.38546,-6.789360653,-0.1345910645,0.4258647263,-9.95978,5.90247,-2.52784,50,5.47714,6.89848,-130.65705,-5.48866,-16.97718,31.10564,-22.11285,59b7e123-43cb-45ac-934c-a6a5e637fb5f,1aa949a0-302d-40da-900f-7e8fc4ee565c,88.50801,Pitching,22280001,,,,,,,,,,,,,,,,,,,,23.31777374,1974.573981,0.9183236349,
30,2025-09-02,13:21:27.02,"Evans, Casan",815786,Right,LSU_FAL,,Sinker,Live,,89.90444,-3.811021087,-4.520149939,2116.595705,219.7713906,1:15,5.54376,2.62734,6.02182,-19.02954,15.80401,13.13267,0.41243,-0.47297,81.63504,-7.387731852,-2.040733409,0.4247860956,-8.49775,9.7366,-2.28054,50,5.23429,9.87351,-130.15079,-9.29906,-14.45576,29.4192,-15.61084,0480b103-12e4-4fad-a191-a4d111ebd976,1aa949a0-302d-40da-900f-7e8fc4ee565c,88.73275,Pitching,22280001,,,,,,,,,,,,,,,,,,,,,,,
31,2025-09-02,13:21:47.81,"Evans, Casan",815786,Right,LSU_FAL,,Sinker,Live,,89.40985,-1.996815364,-3.029383615,2240.141694,223.772761,1:30,5.53129,2.79548,7.33815,-18.62076,14.75922,14.15299,2.17298,1.23651,80.84208,-5.606269526,-0.2778245003,0.4158286381,-9.04166,9.05757,-2.63222,50,5.41568,6.55592,-130.12177,-4.97775,-15.27987,30.95462,-16.8673,e597c3b9-4c50-423e-b765-6bf26db3af1e,1aa949a0-302d-40da-900f-7e8fc4ee565c,90.64416,Pitching,22280001,,,,,,,,,,,,,,,,,,,,31.33561846,1913.384996,0.8541357011,
32,2025-09-02,13:22:02.80,"Evans, Casan",815786,Right,LSU_FAL,,Sinker,Live,,89.37016,-3.247298479,-2.825290068,2096.919977,230.0684648,1:45,5.65338,2.75668,5.29576,-21.84242,14.1998,16.9365,0.77781,1.51367,81.28516,-7.297076632,0.3377135815,0.4320929251,-9.801,8.48084,-2.512,50,5.34224,5.78908,-129.5539,-8.13901,-16.54146,28.82726,-17.86066,4d74dac9-720b-4a34-a204-0c101d950001,1aa949a0-302d-40da-900f-7e8fc4ee565c,87.23225,Pitching,22280001,,,,,,,,,,,,,,,,,,,,32.35512242,1771.367612,0.844747359,
33,2025-09-02,13:22:20.27,"Evans, Casan",815786,Right,LSU_FAL,,Sinker,Live,,90.25073,-2.577790867,-3.389339566,2271.523637,216.1540553,1:15,5.52695,2.755,6.13262,-16.98386,17.3546,12.6859,1.7236,0.67627,81.62494,-5.792465058,-0.9812761412,0.4217564778,-7.9767,10.27189,-2.50297,50,5.32126,7.36285,-130.98556,-6.43586,-13.6998,30.6211,-14.53232,5585c833-30f0-481e-b330-a02cff3ea2b7,1aa949a0-302d-40da-900f-7e8fc4ee565c,89.37015,Pitching,22280001,,,,,,,,,,,,,,,,,,,,27.97278128,2006.142709,0.8831705186,
34,2025-09-02,13:22:52.42,"Evans, Casan",815786,Right,LSU_FAL,,Sinker,Live,,90.9082,-1.411194755,-4.584516596,2234.370599,224.7940584,1:30,5.60583,2.75775,,-20.48952,15.1364,15.07168,2.55782,-0.33579,81.96946,-5.205122256,-1.794093256,0.4295902694,-9.27351,8.32409,-2.31642,50,5.44902,9.96581,-131.54983,-4.04323,-16.07479,30.72154,-17.74499,876fe8c1-86dd-48c4-8d98-481c9f5d7201,1aa949a0-302d-40da-900f-7e8fc4ee565c,,Pitching,22280001,,,,,,,,,,,,,,,,,,,,33.24195561,1868.745184,0.8363631285,
35,2025-09-02,13:23:06.04,"Evans, Casan",815786,Right,LSU_FAL,,Fastball,Live,,89.98983,,,2471.187055,,,5.79286,2.51475,,,,,3.13856,-0.70035,81.00165,-4.876725755,-2.807985891,0.4367663127,-4.21976,8.11363,-2.1141,50,5.67962,8.59618,-130.25977,-2.89712,-7.15355,30.76432,-18.4194,0d4cf970-0916-46ea-b284-900903077235,1aa949a0-302d-40da-900f-7e8fc4ee565c,,Pitching,22280001,,,,,,,,,,,,,,,,,,,,29.30910028,2154.854188,0.8719915329,
36,2025-09-02,13:23:18.01,"Evans, Casan",815786,Right,LSU_FAL,,Sinker,Live,,90.39929,-2.462080145,-4.779624025,2200.785017,242.4593625,2:00,5.46947,2.52833,,-25.94727,9.05564,17.34679,0.99987,-0.49737,81.94164,-7.312822016,-1.52576247,0.4258174886,-10.75187,5.60405,-2.13037,50,5.24189,10.35005,-130.8801,-6.53479,-18.4664,30.15687,-22.54906,4b9d7239-e76a-4970-b9f3-9d7d23389216,1aa949a0-302d-40da-900f-7e8fc4ee565c,,Pitching,22280001,,,,,,,,,,,,,,,,,,,,32.3177673,1859.874815,0.8450960911,
37,2025-09-02,13:23:38.29,"Evans, Casan",815786,Right,LSU_FAL,,Sinker,Live,,91.49874,-3.020367937,-4.525674523,2262.736478,219.4855459,1:15,5.51288,2.49568,,-15.54114,19.56164,16.11382,1.35602,-0.44111,82.2799,-5.909856776,-1.527482019,0.4264245121,-9.899,11.22911,-2.07414,50,5.21047,9.8608,-132.27781,-7.58905,-17.29395,31.89479,-12.55633,8b41a4e9-fff4-460e-ac1f-c9f7af1dee85,1aa949a0-302d-40da-900f-7e8fc4ee565c,,Pitching,22280001,,,,,,,,,,,,,,,,,,,,32.56153681,1907.065731,0.842813889,
38,2025-09-02,13:23:59.39,"Evans, Casan",815786,Right,LSU_FAL,,Fastball,Live,,90.7588,-1.604131394,-4.197723086,2535.376097,216.172007,1:15,5.74333,2.64054,5.92287,-18.34444,16.07951,11.7867,2.72192,-0.27887,81.55041,-5.076553782,-1.965924839,0.4222811953,-7.76522,9.24383,-2.3113,50,5.60456,9.27631,-131.58543,-4.28862,-13.38634,32.29081,-16.23874,33564cd7-8c91-4e3f-a097-fc783a17ceaf,1aa949a0-302d-40da-900f-7e8fc4ee565c,89.2591,Pitching,22280001,,,,,,,,,,,,,,,,,,,,33.75234244,2108.030592,0.8314468981,
39,2025-09-02,13:24:23.04,"Evans, Casan",815786,Right,LSU_FAL,,Fastball,Live,,90.27218,-1.99165867,-5.109910943,2466.364362,204.2779581,12:45,5.75669,2.57379,,-18.06273,17.04416,7.71629,2.39101,-1.54822,81.05819,-5.397665666,-3.655686002,0.426449441,-5.85468,9.86048,-2.15771,50,5.58183,11.42891,-130.64355,-5.15465,-9.93937,32.06937,-15.4341,969178e7-d3c4-4b76-87da-39c67e2bfbbd,1aa949a0-302d-40da-900f-7e8fc4ee565c,,Pitching,22280001,,,,,,,,,,,,,,,,,,,,35.56315187,2006.325672,0.8134749685,
40,2025-09-02,13:24:41.68,"Evans, Casan",815786,Right,LSU_FAL,,Sinker,Live,,90.46671,-1.235767906,-4.147296188,2307.940042,231.352067,1:45,5.49181,2.77159,5.75493,-23.63862,10.83518,13.5916,2.36856,0.03744,82.30555,-5.666946826,-1.596366657,0.4225867944,-8.51063,6.18198,-2.43583,50,5.37492,9.06147,-131.26448,-3.63315,-14.78309,28.93617,-21.43585,d4f526d5-cc1d-4cf6-90c2-72d708aba74a,1aa949a0-302d-40da-900f-7e8fc4ee565c,89.19455,Pitching,22280001,,,,,,,,,,,,,,,,,,,,34.95207116,1891.660505,0.8196315636,
41,2025-09-02,13:24:57.92,"Evans, Casan",815786,Right,LSU_FAL,,Fastball,Live,,90.96806,-2.564967024,-3.447460525,2515.685236,205.3433546,12:45,5.68148,2.66414,5.96079,-17.93072,16.09139,7.63114,1.80326,0.09993,82.33049,-5.944335483,-2.004621081,0.4198092984,-5.20809,9.52176,-2.395,50,5.46788,7.70382,-131.98297,-6.50384,-9.08445,31.00533,-15.56527,493e21b4-a551-4996-865f-c6b4e29bf1cd,1aa949a0-302d-40da-900f-7e8fc4ee565c,89.78467,Pitching,22280001,,,,,,,,,,,,,,,,,,,,,,,
42,2025-09-02,13:25:16.29,"Evans, Casan",815786,Right,LSU_FAL,,Sinker,Live,,90.0211,-2.22479512,-4.646653707,2302.579998,231.7186638,1:45,5.56855,2.58047,5.78203,-21.29845,13.68384,17.35012,1.71617,-0.30579,81.5853,-6.224509363,-1.383719846,0.4256920544,-10.74576,8.04049,-2.20746,50,5.372,10.02662,-130.43334,-5.78946,-18.35912,29.55059,-18.43688,0f819652-38f4-4c21-81e6-ae7229c7d954,1aa949a0-302d-40da-900f-7e8fc4ee565c,88.54391,Pitching,22280001,,,,,,,,,,,,,,,,,,,,30.86656099,1976.452866,0.8583644729,
43,2025-09-02,13:25:36.97,"Evans, Casan",815786,Right,LSU_FAL,,Fastball,Live,,91.5429,,,2509.39348,,,5.71278,2.65784,,,,,3.18032,-0.0845,82.66523,-4.568282024,-1.70154121,0.4235984539,-7.71822,8.38958,-2.2921,50,5.6061,8.8108,-132.67013,-2.99941,-13.62284,30.95541,-17.36624,242ed928-fd34-4c9f-86da-5613a349bd5f,1aa949a0-302d-40da-900f-7e8fc4ee565c,,Pitching,22280001,,,,,,,,,,,,,,,,,,,,27.59612809,2223.912043,0.8862348856,
44,2025-09-02,13:30:14.38,"Theophilus, Zion",812173,Right,LSU_TIG,,Fastball,Live,,89.15219,-1.229576454,-2.612434008,2259.858074,212.0775582,1:00,5.7763,1.69389,4.78387,-17.02799,20.16379,12.65964,3.19066,0.27139,79.88656,-4.393525359,-0.2566137661,0.4389296359,-7.45677,10.90992,-1.44374,50,5.63925,5.4137,-129.21029,-3.42424,-12.38297,31.36965,-14.05666,c1b52b8e-3672-46cd-bb95-491b918e53a2,1aa949a0-302d-40da-900f-7e8fc4ee565c,85.87353,Pitching,22280001,,,,,,,,,,,,,,,,,,,,,,,
45,2025-09-02,13:30:27.50,"Theophilus, Zion",812173,Right,LSU_TIG,,Fastball,Live,,89.61566,-2.765114427,-2.902670156,2278.348936,220.6603372,1:15,5.79893,1.76082,4.80377,-20.4672,16.37061,14.05976,1.46844,0.18031,80.56737,-6.553314187,-0.2870107116,0.4368358989,-8.27819,9.4386,-1.48377,50,5.50648,6.04239,-129.74298,-7.05488,-13.87261,31.41427,-16.35681,9479c6a5-6a63-47da-a279-82f06dd666f7,1aa949a0-302d-40da-900f-7e8fc4ee565c,86.28512,Pitching,22280001,,,,,,,,,,,,,,,,,,,,21.51390751,2119.613128,0.930328579,
46,2025-09-02,13:30:41.12,"Theophilus, Zion",812173,Right,LSU_TIG,,Fastball,Live,,89.43513,-0.7182985735,-2.156845832,2231.457724,210.4328777,1:00,5.86063,1.7971,4.75317,-16.82021,20.09246,11.82594,3.77733,0.73647,80.23789,-3.841391688,0.0415856593,0.4372795303,-6.85309,10.68517,-1.59073,50,5.77431,4.43022,-129.69243,-2.27322,-11.48348,31.21677,-14.26928,ecf56cac-0c7f-47c9-ae05-78b02aa3765c,1aa949a0-302d-40da-900f-7e8fc4ee565c,86.19758,Pitching,22280001,,,,,,,,,,,,,,,,,,,,,,,
47,2025-09-02,13:30:57.77,"Theophilus, Zion",812173,Right,LSU_TIG,,Fastball,Live,,90.04124,-1.344324499,-3.388982204,2282.134282,196.238074,12:30,5.80814,1.68505,,-17.60397,19.83055,5.79089,3.04835,-1.08898,80.75921,-4.569313978,-2.327205315,0.4403596318,-4.04232,10.51538,-1.31141,50,5.63935,7.4701,-130.25767,-3.80234,-6.83562,31.38395,-14.39239,f123b2c3-5a44-469d-a8f8-c7feea9c3a36,1aa949a0-302d-40da-900f-7e8fc4ee565c,,Pitching,22280001,,,,,,,,,,,,,,,,,,,,,,,
48,2025-09-02,13:31:13.06,"Theophilus, Zion",812173,Right,LSU_TIG,,Fastball,Live,,89.6292,-1.880717464,-2.259699364,2222.052197,208.5381306,1:00,5.8158,1.88618,5.10458,-14.76851,21.55798,11.73463,2.81128,0.73414,80.43128,-4.637689784,-0.06389121521,0.4337935667,-6.92236,11.9727,-1.6822,50,5.62739,4.69974,-129.97852,-4.81149,-11.63979,31.5901,-12.04222,7cffd02d-6670-4046-91db-a20a08e714c1,1aa949a0-302d-40da-900f-7e8fc4ee565c,86.89027,Pitching,22280001,,,,,,,,,,,,,,,,,,,,,,,
49,2025-09-02,13:31:28.24,"Theophilus, Zion",812173,Right,LSU_TIG,,Sinker,Live,,89.85979,-2.269116605,-3.407552408,2121.688751,217.7291485,1:15,5.74667,2.03519,,-20.51343,16.94948,13.127,1.85549,-0.14356,80.96425,-6.017171793,-1.001533368,0.4405266314,-7.7433,9.32944,-1.66876,50,5.47245,7.18893,-129.9753,-6.01912,-13.08266,30.37926,-16.41154,4e2efef7-e988-4b31-9396-dfd5050cc70d,1aa949a0-302d-40da-900f-7e8fc4ee565c,,Pitching,22280001,,,,,,,,,,,,,,,,,,,,,,,
50,2025-09-02,13:31:47.46,"Theophilus, Zion",812173,Right,LSU_TIG,,Sinker,Live,,89.62424,-2.295817026,-3.016741498,2134.68462,225.9658262,1:30,5.72815,1.97803,,-23.22135,14.03092,14.52103,1.59525,0.30307,81.0384,-6.54649808,-0.346225385,0.4392864247,-8.36376,7.89127,-1.66735,50,5.45846,6.24594,-129.75483,-6.15631,-14.11098,29.78047,-18.86024,c707aa2c-56dc-47e0-ac55-87e8b2c52ad3,1aa949a0-302d-40da-900f-7e8fc4ee565c,,Pitching,22280001,,,,,,,,,,,,,,,,,,,,,,,
51,2025-09-02,13:32:20.81,"Theophilus, Zion",812173,Right,LSU_TIG,,Sinker,Live,,89.63297,-3.299660365,-4.320449345,2015.055196,227.4777717,1:30,5.65674,1.94246,,-23.18374,13.71977,14.94136,0.56517,-0.94098,81.94167,-7.517759815,-1.588337775,0.4372252612,-8.84624,7.9403,-1.49846,50,5.28423,9.18602,-129.61743,-8.43527,-15.06002,26.91628,-18.65632,87ad8816-73b2-412b-a572-e1b3503db964,1aa949a0-302d-40da-900f-7e8fc4ee565c,,Pitching,22280001,,,,,,,,,,,,,,,,,,,,21.39595317,1876.180785,0.931081585,
52,2025-09-02,13:32:38.14,"Theophilus, Zion",812173,Right,LSU_TIG,,Sinker,Live,,90.07711,-2.532795092,-1.308191563,2155.287168,221.6829255,1:30,5.68519,1.97234,,-19.58004,17.40908,15.50403,1.6292,2.0131,81.2161,-6.117310758,1.547960068,0.4377320842,-8.34647,9.7108,-1.84565,50,5.39142,2.34168,-130.48431,-6.57925,-14.1929,30.96452,-15.66115,f40ee61c-041a-42fd-ab0a-7cc63dd27fa2,1aa949a0-302d-40da-900f-7e8fc4ee565c,,Pitching,22280001,,,,,,,,,,,,,,,,,,,,31.26851296,1842.219215,0.8547442041,
53,2025-09-02,13:33:09.76,"Theophilus, Zion",812173,Right,LSU_TIG,,Sinker,Live,,89.93998,-1.455898755,-2.62013985,2056.556754,228.3646254,1:30,5.59388,2.02311,,-24.5625,12.70448,14.31821,2.1462,0.69673,81.49708,-5.926700907,-0.004499988448,0.4393731091,-8.02799,6.8635,-1.74191,50,5.40325,5.35125,-130.28686,-4.36284,-13.69894,29.22656,-20.46218,3c971843-00bf-43c1-9a9f-709aebb5d5c9,1aa949a0-302d-40da-900f-7e8fc4ee565c,,Pitching,22280001,,,,,,,,,,,,,,,,,,,,,,,
54,2025-09-02,13:33:30.78,"Theophilus, Zion",812173,Right,LSU_TIG,,Sinker,Live,,90.03732,,,2080.015707,,,5.62323,2.33003,,,,,3.39514,1.42503,80.73379,-4.294391149,1.034590494,0.4363250747,-11.37688,8.81509,-2.0651,50,5.54447,5.40616,-130.46,-2.12781,-19.27992,31.72072,-17.23548,09b85f65-1879-4a8c-a328-4c9d68351e37,1aa949a0-302d-40da-900f-7e8fc4ee565c,,Pitching,22280001,,,,,,,,,,,,,,,,,,,,,,,
55,2025-09-02,13:34:37.24,"Theophilus, Zion",812173,Right,LSU_TIG,,Fastball,Live,,90.40984,-3.247614698,-4.133520593,2287.407148,209.6429886,1:00,5.72846,1.76445,4.96692,-14.39752,21.60511,12.29559,1.45004,-1.12176,81.32118,-5.920265462,-1.84711043,0.4318555891,-7.76154,12.35662,-1.37441,50,5.40235,8.98511,-130.73028,-7.979,-13.24227,31.19207,-11.09194,03b5166e-f903-4aa6-9440-0581029107de,1aa949a0-302d-40da-900f-7e8fc4ee565c,87.28019,Pitching,22280001,,,,,,,,,,,,,,,,,,,,,,,
56,2025-09-02,13:34:52.19,"Theophilus, Zion",812173,Right,LSU_TIG,,Fastball,Live,,89.65128,-0.714203095,-3.271082204,2233.048936,204.7393311,12:45,5.69598,1.70824,,-19.38226,18.76852,8.67345,3.39081,-0.72722,80.26175,-4.253853721,-1.686387183,0.4445525448,-5.4385,9.68842,-1.33627,50,5.59122,7.03628,-129.66141,-2.4554,-9.10452,31.31689,-15.95479,35d0a84d-eb24-4bb9-9eef-b648d9ed5caf,1aa949a0-302d-40da-900f-7e8fc4ee565c,,Pitching,22280001,,,,,,,,,,,,,,,,,,,,26.92481246,1990.989814,0.891601515,
57,2025-09-02,13:35:11.33,"Theophilus, Zion",812173,Right,LSU_TIG,,Fastball,Live,,89.42938,-0.1469260201,-2.163222976,2220.097967,225.5777677,1:30,5.62741,1.75001,4.73766,-22.61105,14.23772,14.56805,3.6037,0.91125,80.48631,-4.337295291,0.540947662,0.4369008654,-8.25629,7.44378,-1.54481,50,5.59336,4.33786,-129.71733,-1.20514,-13.87549,30.59249,-19.66406,7cc7b4ab-c228-4c7f-8522-2d3d63cb8892,1aa949a0-302d-40da-900f-7e8fc4ee565c,86.27229,Pitching,22280001,,,,,,,,,,,,,,,,,,,,,,,
58,2025-09-02,13:35:32.20,"Theophilus, Zion",812173,Right,LSU_TIG,,Fastball,Live,,90.08112,-1.127061893,-3.082325513,2220.786662,207.2584196,1:00,5.74464,1.60314,5.01698,-16.61805,19.35708,9.99569,3.29462,-0.47521,81.08726,-4.220312174,-1.220431669,0.4316905629,-6.21822,10.51073,-1.31576,50,5.62368,6.66,-130.61313,-3.19403,-10.60155,30.86399,-14.25413,6f6fb9a5-6c3f-4868-8f76-83215a7688f0,1aa949a0-302d-40da-900f-7e8fc4ee565c,87.31356,Pitching,22280001,,,,,,,,,,,,,,,,,,,,15.66565584,2138.292824,0.9628537764,
59,2025-09-02,13:36:10.80,"Theophilus, Zion",812173,Right,LSU_TIG,,Sinker,Live,,88.3403,,,2135.78876,,,5.53644,2.04704,7.48844,,,,1.55316,1.60093,80.49463,-6.200322094,1.393094142,0.4183547252,-11.26986,10.06433,-1.93578,50,5.38539,4.54876,-128.64812,-6.65201,-18.73892,28.64391,-15.43963,5f7774af-792a-4305-be1c-acf1bf919938,1aa949a0-302d-40da-900f-7e8fc4ee565c,90.09684,Pitching,22280001,,,,,,,,,,,,,,,,,,,,27.75086785,1890.131586,0.8849805848,
60,2025-09-02,13:36:31.60,"Theophilus, Zion",812173,Right,LSU_TIG,,Sinker,Live,,89.82218,-1.52359544,-1.469690493,2164.576572,212.7730598,1:00,5.62091,1.73241,4.90996,-19.99427,16.13716,10.40353,2.51338,1.20951,81.32968,-5.225151992,0.4631948263,0.4326273924,-5.87855,8.88841,-1.59746,50,5.45602,2.94994,-130.38056,-4.22849,-10.02702,29.73762,-17.01313,9e27ba9a-587b-49d6-b50e-d962c8636889,1aa949a0-302d-40da-900f-7e8fc4ee565c,87.12449,Pitching,22280001,,,,,,,,,,,,,,,,,,,,,,,
61,2025-09-02,13:36:54.85,"Theophilus, Zion",812173,Right,LSU_TIG,,Sinker,Live,,89.96671,,,2170.041183,,,5.51087,2.10716,,,,,1.19831,1.73484,81.04515,-6.602604639,1.494249243,0.4359694991,-10.65891,8.77479,-1.91108,50,5.21996,3.98002,-130.31816,-6.891,-18.04284,31.38909,-17.32054,e18f5318-2a2f-4fa0-8917-d2022dc58361,1aa949a0-302d-40da-900f-7e8fc4ee565c,,Pitching,22280001,,,,,,,,,,,,,,,,,,,,23.60470355,1988.473535,0.9163298609,
62,2025-09-02,13:37:28.03,"Theophilus, Zion",812173,Right,LSU_TIG,,Sinker,Live,,89.22498,-2.73549057,-2.685797856,2219.245465,211.9366073,1:00,5.5826,1.92565,5.29478,-18.12995,17.96376,11.20006,1.49902,0.33581,81.06412,-6.104041918,-0.5953793758,0.4324014832,-6.71786,10.31013,-1.68953,50,5.32074,5.67179,-129.42642,-6.83768,-11.32436,28.5776,-14.79417,b0ec8e84-599a-4413-8674-3c4ceb426a8c,1aa949a0-302d-40da-900f-7e8fc4ee565c,87.17,Pitching,22280001,,,,,,,,,,,,,,,,,,,,23.31968672,2037.956232,0.9183104184,
63,2025-09-02,13:37:58.04,"Theophilus, Zion",812173,Right,LSU_TIG,,Sinker,Live,,89.33082,,,2201.671274,,,5.37679,2.32866,,,,,0.68061,0.98265,80.83362,-7.543165669,0.7790904876,0.4349317797,-12.89073,6.12853,-2.02467,50,5.10821,6.89397,-129.39749,-6.93934,-21.57971,30.18526,-21.9146,d67edae1-b136-4ee7-a754-130011210239,1aa949a0-302d-40da-900f-7e8fc4ee565c,,Pitching,22280001,,,,,,,,,,,,,,,,,,,,22.52706593,2033.680792,0.9236986538,
64,2025-09-02,13:38:25.07,"Theophilus, Zion",812173,Right,LSU_TIG,,Sinker,Live,,88.45715,-2.204373755,-1.717419826,2150.539103,224.0366777,1:30,5.65025,1.9831,,-23.3104,13.61628,13.17719,1.62718,1.46131,80.62072,-6.510339876,0.7312028029,0.4373624956,-7.40581,7.77797,-1.83013,50,5.42258,3.3659,-128.41432,-5.80216,-12.31152,27.69151,-19.24385,6c2c6eec-15d5-49ef-9972-5204c68bf1d0,1aa949a0-302d-40da-900f-7e8fc4ee565c,,Pitching,22280001,,,,,,,,,,,,,,,,,,,,24.33240941,1959.507483,0.9111703573,
65,2025-09-02,13:38:46.78,"Theophilus, Zion",812173,Right,LSU_TIG,,Sinker,Live,,88.70078,-1.191987261,-2.888749921,2186.522186,231.3214403,1:45,5.49065,1.93091,,-24.31246,13.41861,16.79703,2.32549,0.57161,80.47033,-5.646526818,0.1978941229,0.4421004581,-9.46285,7.22985,-1.63935,50,5.34065,5.81257,-128.57291,-3.65614,-15.74435,28.16383,-20.14497,107c5bc0-dd6c-46a5-b528-210c4dbd696c,1aa949a0-302d-40da-900f-7e8fc4ee565c,,Pitching,22280001,,,,,,,,,,,,,,,,,,,,21.713885,2031.373,0.9290429402,
66,2025-09-02,13:39:05.89,"Theophilus, Zion",812173,Right,LSU_TIG,,Fastball,Live,,89.34491,-2.149179297,-1.909049407,2208.157573,210.2562615,1:00,5.54804,1.8149,7.56209,-13.6635,19.41392,11.33085,2.47491,1.0419,80.77479,-4.81008341,0.3044993349,0.4139398226,-7.12667,11.85234,-1.71981,50,5.43441,4.09104,-130.17716,-5.18699,-12.05398,30.97923,-12.12711,a83dddf0-1fa7-46c2-95fd-7224ca5084cd,1aa949a0-302d-40da-900f-7e8fc4ee565c,91.05777,Pitching,22280001,,,,,,,,,,,,,,,,,,,,20.04788448,2074.357472,0.9394064521,
67,2025-09-02,13:42:00.42,"Ricken, Reagan",1000258857,Right,LSU_TIG,,Fastball,Live,,89.32032,-0.8129543449,-4.002621789,2075.976854,215.6022737,1:15,5.84788,1.73195,,-19.44443,16.42135,11.79816,3.46775,-1.0223,80.16867,-4.480376111,-1.777692361,0.4310340295,-7.65273,9.09063,-1.40132,50,5.76717,8.66907,-129.50706,-2.4897,-12.77619,31.33264,-16.99729,ac8206d1-01c8-44b4-a9f1-c0b27f8d898f,1aa949a0-302d-40da-900f-7e8fc4ee565c,,Pitching,22280001,,,,,,,,,,,,,,,,,,,,24.67623061,1886.401665,0.9086814532,
68,2025-09-02,13:42:17.20,"Ricken, Reagan",1000258857,Right,LSU_TIG,,Fastball,Live,,88.75524,-2.098911908,-3.37513967,2066.620493,210.7453004,1:00,5.65142,2.00779,6.58933,-20.82081,13.86669,8.26367,1.98919,-0.39935,80.81444,-6.059235308,-1.798253148,0.4238945928,-5.57933,8.3051,-1.78073,50,5.49909,7.37647,-129.00229,-5.31936,-9.3419,28.43569,-18.26818,eea88c5d-ec4a-4df8-bead-975ca60e7d0b,1aa949a0-302d-40da-900f-7e8fc4ee565c,88.91937,Pitching,22280001,,,,,,,,,,,,,,,,,,,,31.08077489,1769.937189,0.8564403548,
69,2025-09-02,13:42:31.92,"Ricken, Reagan",1000258857,Right,LSU_TIG,,Sinker,Live,,89.60516,-1.712372666,-4.267034936,2290.685102,228.6577088,1:30,5.83631,1.64048,5.96703,-24.26519,10.96794,12.49686,2.2219,-1.28112,80.75357,-6.298487533,-1.900135255,0.427215569,-8.16948,6.51093,-1.30925,50,5.68709,9.29665,-129.91326,-4.66433,-13.74146,31.22347,-21.22235,46dd7ce1-7e3e-4c9f-9673-bacf24563f86,1aa949a0-302d-40da-900f-7e8fc4ee565c,88.22815,Pitching,22280001,,,,,,,,,,,,,,,,,,,,,,,
70,2025-09-02,13:42:49.27,"Ricken, Reagan",1000258857,Right,LSU_TIG,,Sinker,Live,,88.61957,-0.9854999915,-3.230821263,2245.168404,236.391109,2:00,5.65321,1.85839,5.98777,-25.62356,10.581,15.96548,2.60314,0.19176,79.13199,-5.860487001,-0.1849825961,0.4330649677,-9.83678,6.11096,-1.61241,50,5.56161,6.76359,-128.59654,-3.01083,-16.0516,33.01239,-22.20221,4a03089c-53fb-408a-9d0e-d3211624f71c,1aa949a0-302d-40da-900f-7e8fc4ee565c,87.03645,Pitching,22280001,,,,,,,,,,,,,,,,,,,,,,,
71,2025-09-02,13:43:04.81,"Ricken, Reagan",1000258857,Right,LSU_TIG,,Fastball,Live,,90.84734,-1.1035016,-1.854947101,2227.643957,210.3431849,1:00,5.89904,1.73824,6.33054,-16.09233,17.49375,10.25634,3.54138,0.88452,81.8921,-4.172346695,0.1045714065,0.4171104387,-6.23512,9.97375,-1.6081,50,5.8111,3.97083,-132.14167,-3.03108,-10.86234,32.02587,-14.79857,8a3669aa-e23b-47cd-880b-ff2265e81ef1,1aa949a0-302d-40da-900f-7e8fc4ee565c,90.36561,Pitching,22280001,,,,,,,,,,,,,,,,,,,,26.7015188,1990.086842,0.8933594775,
72,2025-09-02,13:43:43.95,"Ricken, Reagan",1000258857,Right,LSU_TIG,,Fastball,Live,,91.47557,-2.991777105,-3.154843406,2218.28769,214.6708504,1:15,5.91415,1.91965,,-17.52103,18.32383,12.67164,1.5923,-0.03787,82.29567,-6.210199191,-0.817464025,0.4309083001,-7.51995,10.37279,-1.5959,50,5.57892,6.77219,-132.31232,-7.6455,-13.13893,32.02171,-14.05061,f4328f07-39da-4f23-9d5c-ea4c432b9f1a,1aa949a0-302d-40da-900f-7e8fc4ee565c,,Pitching,22280001,,,,,,,,,,,,,,,,,,,,30.85720336,1904.28519,0.858448252,
73,2025-09-02,13:43:59.71,"Ricken, Reagan",1000258857,Right,LSU_TIG,,Sinker,Live,,90.08368,0.3288249097,-2.061809579,2198.242054,246.8127529,2:15,5.66814,1.95703,5.98124,-28.19417,6.36494,14.94357,3.62358,1.29065,81.43258,-5.006423738,0.7721904497,0.4231094045,-8.75852,3.35107,-1.80261,50,5.6786,4.23726,-130.97391,-0.14952,-15.02408,30.88329,-26.42574,c67bc54b-c9c2-4f63-8d48-a6929cad001c,1aa949a0-302d-40da-900f-7e8fc4ee565c,89.08438,Pitching,22280001,,,,,,,,,,,,,,,,,,,,28.98839849,1922.841576,0.8747178557,
74,2025-09-02,13:44:18.96,"Ricken, Reagan",1000258857,Right,LSU_TIG,,Sinker,Live,,89.02948,-0.8059671411,-2.677117825,2223.96707,227.6628906,1:30,5.66423,1.97705,6.06116,-23.99328,11.31722,12.457,2.91809,0.53595,80.48115,-5.349645981,-0.3123904707,0.4276843336,-7.62267,6.41364,-1.77618,50,5.58898,5.6624,-129.39077,-2.56902,-12.76064,30.15778,-21.43736,19877161-0f07-41da-b1d9-c99581afb301,1aa949a0-302d-40da-900f-7e8fc4ee565c,88.13145,Pitching,22280001,,,,,,,,,,,,,,,,,,,,43.09295157,1624.043783,0.7302463263,
75,2025-09-02,13:44:40.77,"Ricken, Reagan",1000258857,Right,LSU_TIG,,Fastball,Live,,90.32357,-1.574705213,-3.384117834,2208.915711,209.5863964,1:00,5.80198,1.69688,6.11462,-16.671,17.42903,9.91616,2.95407,-0.60888,82.02896,-4.725673111,-1.507972879,0.420289746,-6.40084,9.95647,-1.44282,50,5.67253,7.44776,-131.21647,-4.13712,-11.09156,29.3487,-14.92119,aae7987a-49ca-4a90-b342-51ab71f67acd,1aa949a0-302d-40da-900f-7e8fc4ee565c,89.68203,Pitching,22280001,,,,,,,,,,,,,,,,,,,,26.37447129,1978.989195,0.895909783,
76,2025-09-02,13:45:48.57,"Ricken, Reagan",1000258857,Right,LSU_TIG,,Fastball,Live,,91.08527,-1.687354625,-2.426452492,2022.640315,201.1369465,12:45,5.90095,1.54079,,-16.04865,18.67407,7.23062,2.98214,-0.12943,81.77761,-4.701428016,-1.065577313,0.4241097676,-4.65426,10.51265,-1.33158,50,5.74124,5.34569,-132.16723,-4.46265,-8.08848,32.76929,-13.90447,4fb22b1a-4f3d-4b1a-84aa-a2439cb709f3,1aa949a0-302d-40da-900f-7e8fc4ee565c,,Pitching,22280001,,,,,,,,,,,,,,,,,,,,26.58540869,1808.782988,0.8942682371,
77,2025-09-02,13:46:04.12,"Ricken, Reagan",1000258857,Right,LSU_TIG,,Fastball,Live,,90.2329,-0.4247121464,-2.141688016,2027.915821,197.2617855,12:30,5.90369,1.50968,,-19.95673,16.05553,5.00126,3.83831,-0.1018,81.29533,-4.127951458,-1.212505734,0.4319133534,-3.28202,8.5048,-1.30242,50,5.8453,4.70397,-130.91767,-1.73708,-5.62397,30.90501,-17.60048,39d9f566-0075-4d82-9262-c2f8ad9366b7,1aa949a0-302d-40da-900f-7e8fc4ee565c,,Pitching,22280001,,,,,,,,,,,,,,,,,,,,30.15130378,1753.542889,0.8647020111,
78,2025-09-02,13:46:25.29,"Ricken, Reagan",1000258857,Right,LSU_TIG,,Sinker,Live,,89.41275,-1.90869575,-3.103507518,2194.099703,236.5954809,2:00,5.67023,1.66469,6.22372,-26.26023,8.72195,13.24536,1.71777,-0.09748,80.67882,-6.893244705,-0.577098395,0.4256913614,-8.27688,5.40655,-1.43945,50,5.51457,6.64039,-129.84073,-5.1254,-13.88961,31.49243,-23.1012,aec5776e-a732-4358-8069-ba2cfb420a02,1aa949a0-302d-40da-900f-7e8fc4ee565c,88.54405,Pitching,22280001,,,,,,,,,,,,,,,,,,,,33.18808943,1836.194039,0.8368781221,
79,2025-09-02,13:46:41.40,"Ricken, Reagan",1000258857,Right,LSU_TIG,,Sinker,Live,,89.57666,-3.076669968,-2.550792586,2181.46034,230.4189292,1:45,5.70239,1.62558,6.05489,-24.36356,10.6439,12.8672,0.81907,0.33553,81.17003,-7.66714939,-0.1069215359,0.4258451522,-7.81378,6.7719,-1.43446,50,5.45032,5.38945,-130.01431,-7.75743,-13.19357,30.70335,-20.73971,8b3f9781-bdb9-487f-b75d-fb11694cf790,1aa949a0-302d-40da-900f-7e8fc4ee565c,88.51208,Pitching,22280001,,,,,,,,,,,,,,,,,,,,39.01756226,1694.892213,0.7769530261,
80,2025-09-02,13:46:59.63,"Ricken, Reagan",1000258857,Right,LSU_TIG,,Sinker,Live,,90.38777,-2.630863939,-3.924476591,2282.197297,230.1510986,1:45,5.70113,1.69959,6.20862,-22.81024,11.76241,14.09286,1.36506,-0.75324,80.9085,-6.973470077,-1.230009597,0.4231922344,-9.10557,7.37577,-1.41226,50,5.49226,8.56007,-131.01197,-6.72628,-15.44259,33.92694,-19.66511,b2db9b4f-b89f-4db8-8b6d-0f1b9aa0be99,1aa949a0-302d-40da-900f-7e8fc4ee565c,89.06694,Pitching,22280001,,,,,,,,,,,,,,,,,,,,38.9703488,1774.343442,0.7774715377,
81,2025-09-02,13:47:19.28,"Ricken, Reagan",1000258857,Right,LSU_TIG,,Fastball,Live,,90.84449,-3.187368619,-3.9756159,2225.690203,215.5304951,1:15,5.78028,1.54166,6.07269,-20.70564,13.2934,9.49501,1.09573,-1.35119,82.4483,-7.085895297,-2.179212107,0.4196668743,-6.38542,8.21246,-1.23909,50,5.52223,8.8516,-131.69113,-8.00724,-11.10485,30.49685,-17.89182,066e99f4-8d33-4b9c-8117-d4495dd048cb,1aa949a0-302d-40da-900f-7e8fc4ee565c,89.81514,Pitching,22280001,,,,,,,,,,,,,,,,,,,,30.61549724,1915.438583,0.8606043111,
82,2025-09-02,13:47:39.32,"Ricken, Reagan",1000258857,Right,LSU_TIG,,Fastball,Live,,90.34104,-1.498749627,-4.121690819,2285.991233,219.7355454,1:15,5.65016,1.95465,6.11947,-21.21901,13.03042,10.86287,2.4926,-0.95667,81.81757,-5.512417244,-2.064748113,0.4212093984,-7.18637,7.56319,-1.64473,50,5.52425,9.10807,-131.1052,-4.10241,-12.38518,30.25968,-19.13945,b8883bfb-9f2d-41c7-8270-bbfeabbc0313,1aa949a0-302d-40da-900f-7e8fc4ee565c,89.48622,Pitching,22280001,,,,,,,,,,,,,,,,,,,,33.67297337,1902.437913,0.8322157517,
83,2025-09-02,13:48:06.28,"Ricken, Reagan",1000258857,Right,LSU_TIG,,Fastball,Live,,90.77249,-0.7427308791,-2.78247035,2271.64082,212.3483577,1:00,5.7647,1.62512,6.13453,-20.22904,13.50821,8.5793,3.39173,-0.23326,82.33128,-4.572684832,-1.156053938,0.4180481008,-5.51566,7.58785,-1.41746,50,5.69758,6.14439,-131.97,-2.34842,-9.64909,30.19063,-18.89988,5af83c1f-b031-43a4-8759-99c107b198b1,1aa949a0-302d-40da-900f-7e8fc4ee565c,90.16292,Pitching,22280001,,,,,,,,,,,,,,,,,,,,32.34520009,1919.173087,0.8448400248,
84,2025-09-02,13:48:25.45,"Ricken, Reagan",1000258857,Right,LSU_TIG,,Sinker,Live,,91.3704,-2.987391357,-2.832585868,2233.208434,246.6216615,2:15,5.78363,1.84556,,-29.22876,6.40713,14.7998,0.49182,0.37436,83.22412,-8.31357716,-0.1114379727,0.4296504114,-8.43359,4.17632,-1.55881,50,5.43852,5.93497,-132.29347,-8.11851,-14.84592,29.98983,-24.82234,ecd219db-0215-469a-bedc-13df1b188d39,1aa949a0-302d-40da-900f-7e8fc4ee565c,,Pitching,22280001,,,,,,,,,,,,,,,,,,,,31.29537439,1908.278325,0.8545007692,
85,2025-09-02,13:48:46.26,"Ricken, Reagan",1000258857,Right,LSU_TIG,,Fastball,Live,,91.05617,-3.039589251,-2.521368693,2309.678616,210.541355,1:00,5.74269,1.88152,6.0843,-16.16126,17.65013,10.4116,1.57898,0.41542,82.31336,-6.094046564,-0.5438917858,0.4185072086,-6.46672,10.57464,-1.69262,50,5.49955,5.49108,-132.1832,-7.53737,-11.2956,31.52492,-13.70303,568d2864-987b-4ed1-8e44-8d6dd09af34e,1aa949a0-302d-40da-900f-7e8fc4ee565c,90.06401,Pitching,22280001,,,,,,,,,,,,,,,,,,,,26.77397246,2062.05923,0.8927905448,
86,2025-09-02,13:49:07.76,"Ricken, Reagan",1000258857,Right,LSU_TIG,,Fastball,Live,,91.12133,-1.775234756,-3.398970109,2247.372964,206.0279726,12:45,5.95546,1.38371,,-13.45672,21.28192,10.41088,3.16727,-0.93718,81.91016,-4.298924659,-1.445730887,0.4242069913,-6.62987,11.89069,-1.08787,50,5.78788,7.4761,-132.1144,-4.58089,-11.54456,32.02846,-11.46884,cf5a3bfc-fbae-4785-b010-c9992194b548,1aa949a0-302d-40da-900f-7e8fc4ee565c,,Pitching,22280001,,,,,,,,,,,,,,,,,,,,27.17260078,1999.341329,0.8896348588,
87,2025-09-02,14:01:45.73,"Schmidt, William",815537,Right,LSU_FAL,,Fastball,Live,,88.51073,0.036527378,-3.240762186,2180.988098,226.4927807,1:30,5.7494,2.10713,,-25.08561,12.59789,13.32698,3.69346,0.15614,78.78006,-4.661151106,-0.7427756606,0.4418216574,-8.15329,6.6152,-1.80676,50,5.7335,6.77556,-128.21531,-0.82973,-13.23114,32.71867,-21.43891,14a99765-77de-4e03-a96b-9676519b8ee2,1aa949a0-302d-40da-900f-7e8fc4ee565c,,Pitching,22280001,,,,,,,,,,,,,,,,,,,,,,,
88,2025-09-02,14:02:02.88,"Schmidt, William",815537,Right,LSU_FAL,,Fastball,Live,,89.29133,-1.491685218,-3.698471426,2238.834028,228.8697402,1:45,5.74651,2.09979,,-24.25015,13.41555,15.39536,2.30357,-0.13997,79.60682,-5.987856625,-0.8370178525,0.4417172799,-9.26859,7.47309,-1.73116,50,5.57073,7.74928,-129.14516,-4.31311,-15.27794,32.90862,-19.85573,3f9762de-623a-4775-a817-d425461f51b7,1aa949a0-302d-40da-900f-7e8fc4ee565c,,Pitching,22280001,,,,,,,,,,,,,,,,,,,,,,,
89,2025-09-02,14:02:25.87,"Schmidt, William",815537,Right,LSU_FAL,,Fastball,Live,,88.78811,-1.094959265,-3.917123903,2163.485718,203.8296809,12:45,5.65695,1.918,5.63769,-19.23411,17.52813,7.76747,3.03023,-1.09423,78.7811,-4.740970489,-2.444316555,0.436387576,-5.61566,9.83871,-1.58996,50,5.55192,8.55103,-128.61472,-3.09704,-9.128,34.02732,-16.18167,ba6f12c6-e2de-4027-a9a2-5900c23e953c,1aa949a0-302d-40da-900f-7e8fc4ee565c,86.37377,Pitching,22280001,,,,,,,,,,,,,,,,,,,,,,,
90,2025-09-02,14:02:41.25,"Schmidt, William",815537,Right,LSU_FAL,,Fastball,Live,,89.44748,-1.251256575,-3.353056221,2189.645687,219.5827636,1:15,5.59818,2.12057,,-21.92114,15.72619,13.03327,2.57798,0.0109,79.51096,-5.320468874,-0.9293002938,0.4416095455,-7.93881,8.58583,-1.78292,50,5.44807,7.07086,-129.39476,-3.68925,-13.10668,33.59396,-17.99916,68736017-1397-492e-ab4b-1436979fe3d5,1aa949a0-302d-40da-900f-7e8fc4ee565c,,Pitching,22280001,,,,,,,,,,,,,,,,,,,,,,,
91,2025-09-02,14:02:59.93,"Schmidt, William",815537,Right,LSU_FAL,,Fastball,Live,,88.24371,-1.632835619,-3.017297004,2186.017657,230.8093166,1:45,5.81237,1.87037,5.39999,-25.38102,11.95866,14.6932,2.1649,0.2652,78.85241,-6.403813412,-0.2441657249,0.4398014769,-8.8934,6.95011,-1.61157,50,5.64962,6.2398,-127.90553,-4.51858,-14.37014,32.43421,-20.94391,a004f8ee-e456-457b-9682-383637d229ab,1aa949a0-302d-40da-900f-7e8fc4ee565c,85.7033,Pitching,22280001,,,,,,,,,,,,,,,,,,,,23.55749555,2003.833794,0.9166594733,
92,2025-09-02,14:03:18.67,"Schmidt, William",815537,Right,LSU_FAL,,Fastball,Live,,89.12553,-1.64394204,-2.770455337,2135.330741,213.3142463,1:00,5.70926,1.95833,5.6144,-21.33827,15.09398,9.9387,2.39475,0.19919,79.24652,-5.682915622,-0.8833944515,0.4344245776,-6.35498,8.71832,-1.72818,50,5.55559,5.92319,-129.22356,-4.4218,-10.4332,34.22378,-17.86088,0d7e70c9-6b4b-4118-9461-704d39e53837,1aa949a0-302d-40da-900f-7e8fc4ee565c,86.76406,Pitching,22280001,,,,,,,,,,,,,,,,,,,,,,,
93,2025-09-02,14:03:48.27,"Schmidt, William",815537,Right,LSU_FAL,,Fastball,Live,,89.29536,-2.507213556,-4.857402501,2201.262015,210.731858,1:00,5.70999,2.215,,-20.65594,16.65817,9.92622,1.60935,-1.55897,79.64089,-6.352935574,-3.006563929,0.439650895,-6.90628,9.61799,-1.75039,50,5.4493,10.59244,-128.9626,-6.43092,-11.35034,32.84804,-16.36706,8674984c-3825-4a82-b192-e643f03bbe56,1aa949a0-302d-40da-900f-7e8fc4ee565c,,Pitching,22280001,,,,,,,,,,,,,,,,,,,,25.0187274,1994.716728,0.9061696038,
94,2025-09-02,14:04:07.43,"Schmidt, William",815537,Right,LSU_FAL,,Fastball,Live,,88.79291,-4.19594856,-4.467805257,2126.880254,230.6827224,1:45,5.62755,1.90529,5.78646,,,,,,,,,,-9.73822,8.1937,-1.54601,50,5.26661,9.53783,-128.30533,-10.21706,-15.85688,32.28578,-18.83213,06d0e0e3-54cd-4392-9ad9-f80d65d52c41,1aa949a0-302d-40da-900f-7e8fc4ee565c,,Pitching,22280001,,,,,,,,,,,,,,,,,,,,22.07849133,1970.915698,0.9266697991,
95,2025-09-02,14:04:24.71,"Schmidt, William",815537,Right,LSU_FAL,,Fastball,Live,,89.8712,-2.09761492,-4.653831607,2262.347117,225.5400574,1:30,5.71868,1.97682,5.65949,-21.33882,14.57292,14.87484,1.97729,-1.13241,79.88532,-6.136393946,-1.834977179,0.4313100563,-9.6982,8.61088,-1.59203,50,5.52774,10.08991,-130.01264,-5.48579,-16.13023,34.44017,-17.85228,cf30d146-46da-497e-aee7-b3fa1e97a6b1,1aa949a0-302d-40da-900f-7e8fc4ee565c,87.39059,Pitching,22280001,,,,,,,,,,,,,,,,,,,,23.14982019,2080.182932,0.9194800022,
96,2025-09-02,14:04:43.55,"Schmidt, William",815537,Right,LSU_FAL,,Fastball,Live,,89.78597,-2.3284547,-4.392654592,2225.540243,227.1959954,1:30,5.64937,1.90907,5.62783,-21.5414,14.34981,15.50717,1.67431,-0.90485,80.12608,-6.39409933,-1.459360278,0.4311868121,-9.87914,8.53321,-1.54458,50,5.43729,9.46308,-129.9412,-6.01957,-16.47391,33.49245,-17.94454,8712013e-dc12-4161-9463-f6c14fa44523,1aa949a0-302d-40da-900f-7e8fc4ee565c,87.41557,Pitching,22280001,,,,,,,,,,,,,,,,,,,,24.00192229,2033.101809,0.913531811,
97,2025-09-02,14:05:22.57,"Schmidt, William",815537,Right,LSU_FAL,,Fastball,Live,,89.85299,-1.857067622,-3.159777465,2170.811306,221.683347,1:30,5.65002,1.89726,,-19.58304,15.7043,14.0017,2.29591,0.13629,79.86808,-5.594436625,-0.480373484,0.4275440502,-8.80455,9.25883,-1.65888,50,5.49514,6.76051,-130.32671,-4.83921,-14.69505,34.93698,-16.72079,df3c0b6d-4f4c-4d4b-a9fb-539b7c471e51,1aa949a0-302d-40da-900f-7e8fc4ee565c,,Pitching,22280001,,,,,,,,,,,,,,,,,,,,24.07686513,1981.948505,0.9129989783,
98,2025-09-02,14:05:46.63,"Schmidt, William",815537,Right,LSU_FAL,,Fastball,Live,B,88.69401,-1.016349161,-5.250003921,2198.500744,216.1315036,1:15,5.65839,2.86218,5.59109,-20.39861,16.32837,11.97714,3.00555,-1.05485,79.31575,-4.860499237,-2.996693095,0.4361782397,-8.19826,9.10068,-2.41884,50,5.55801,11.39125,-128.31685,-2.96626,-13.39227,31.55934,-17.30762,725cbad6-d8ec-45cc-af15-bf295b77d804,1aa949a0-302d-40da-900f-7e8fc4ee565c,86.41522,Pitching,22280001,,,,,,,,,,,,,,,,,,,,,,,
99,2025-09-02,14:06:05.78,"Schmidt, William",815537,Right,LSU_FAL,,Fastball,Live,B,90.59549,-0.8672604988,-3.752800215,2250.904833,215.9749985,1:15,5.71882,2.89571,5.25301,-18.27575,17.52054,12.75613,3.37924,0.42794,80.31965,-4.310913602,-1.349141184,0.4306162626,-8.13672,9.61969,-2.5607,50,5.62625,8.14802,-131.1748,-2.64336,-13.77103,35.15183,-15.89316,5de66330-d8ff-4ed9-8da2-630f6f88ce5d,1aa949a0-302d-40da-900f-7e8fc4ee565c,87.53139,Pitching,22280001,,,,,,,,,,,,,,,,,,,,23.54523334,2063.505724,0.9167449879,
100,2025-09-02,14:06:24.04,"Schmidt, William",815537,Right,LSU_FAL,,Fastball,Live,B,89.61451,,,2232.634088,,,5.96731,2.91297,,,,,2.11629,-0.68584,79.724,-5.816117263,-2.467507844,0.442955966,-8.51923,10.85471,-2.39848,50,5.69025,10.57727,-129.27936,-6.21058,-14.07067,32.99893,-14.24602,1290b6cf-3653-4ef2-8b68-7642b49b2655,1aa949a0-302d-40da-900f-7e8fc4ee565c,,Pitching,22280001,,,,,,,,,,,,,,,,,,,,,,,
101,2025-09-02,14:06:45.11,"Schmidt, William",815537,Right,LSU_FAL,,Fastball,Live,B,89.4655,-2.258359477,-5.926781375,2222.331482,210.745177,1:00,5.68297,2.74205,5.83545,-16.93558,19.10997,11.40947,2.16055,-1.83481,79.64851,-5.468542164,-3.76959755,0.4321129268,-8.27583,11.15106,-2.26452,50,5.48833,13.04857,-129.21777,-5.66627,-13.63843,33.2754,-13.79729,ec033a6d-8af9-4d18-a4b8-3ce1f51ea800,1aa949a0-302d-40da-900f-7e8fc4ee565c,87.22821,Pitching,22280001,,,,,,,,,,,,,,,,,,,,23.12292124,2043.799302,0.9196644688,
102,2025-09-02,14:07:14.80,"Schmidt, William",815537,Right,LSU_FAL,,Fastball,Live,B,89.7101,,,2144.468207,,,5.74929,2.62431,5.19269,,,,2.45326,-0.25422,81.33614,-5.482783322,-1.366575861,0.4314428105,-10.47377,8.67971,-2.21167,50,5.57711,9.78811,-129.92971,-4.5894,-17.80023,28.70213,-17.42283,ff68d82a-917e-4696-a406-2ced339e1082,1aa949a0-302d-40da-900f-7e8fc4ee565c,87.3637,Pitching,22280001,,,,,,,,,,,,,,,,,,,,14.13500192,2079.540165,0.9697230102,
103,2025-09-02,14:07:35.90,"Schmidt, William",815537,Right,LSU_FAL,,Fastball,Live,,90.61992,-0.3948938578,-4.681271859,2170.947841,235.6500506,1:45,5.69698,2.79652,5.7529,-24.23905,10.19994,15.00396,3.30827,-0.32006,82.20782,-4.945807563,-1.865612096,0.4223734491,-9.44718,5.59872,-2.41697,50,5.64952,10.2561,-131.40613,-1.72328,-16.42193,29.3669,-22.44185,90b4d392-bdf0-47ff-bc1c-8269d63d2346,1aa949a0-302d-40da-900f-7e8fc4ee565c,89.2396,Pitching,22280001,,,,,,,,,,,,,,,,,,,,19.84712383,2041.997556,0.9406018504,
104,2025-09-02,14:07:56.48,"Schmidt, William",815537,Right,LSU_FAL,,Fastball,Live,B,89.54348,,,2180.422971,,,5.84391,2.43106,5.25176,,,,3.75522,-0.07136,81.0296,-3.933365217,-1.565672596,0.4313774887,-7.00303,9.92232,-2.10436,50,5.76991,7.88489,-129.88611,-2.14885,-11.87594,29.05976,-15.34749,557dfd8c-80aa-4d63-8207-0fe0e7982c72,1aa949a0-302d-40da-900f-7e8fc4ee565c,87.37693,Pitching,22280001,,,,,,,,,,,,,,,,,,,,11.28924051,2138.234921,0.9806514377,
105,2025-09-02,14:08:31.36,"Schmidt, William",815537,Right,LSU_FAL,,Fastball,Live,B,90.59507,-1.133141769,-5.283065098,2164.941021,210.8417693,1:00,5.91742,2.56649,5.46965,-14.24228,20.90816,12.53913,3.66561,-1.34607,81.4214,-3.805895563,-2.937412351,0.4267139028,-8.36014,11.50483,-2.10983,50,5.80802,11.68377,-131.09335,-3.10189,-14.35608,31.1316,-12.4179,144b547d-48b3-483e-b9bb-1b90e4471eb4,1aa949a0-302d-40da-900f-7e8fc4ee565c,88.33187,Pitching,22280001,,,,,,,,,,,,,,,,,,,,,,,
106,2025-09-02,14:08:54.02,"Schmidt, William",815537,Right,LSU_FAL,,Fastball,Live,B,92.7257,-2.125291831,-3.403438629,2251.178218,219.6517688,1:15,5.8594,2.62781,5.41948,-16.44588,17.34641,14.3892,2.49396,0.63553,82.751,-5.221000167,-0.6899702741,0.4183889771,-8.85507,9.99043,-2.33544,50,5.6595,7.47346,-134.33254,-5.58307,-15.80507,35.39431,-14.3425,1f2b32c6-8b73-4a55-ae65-6a041bfcb41c,1aa949a0-302d-40da-900f-7e8fc4ee565c,90.08946,Pitching,22280001,,,,,,,,,,,,,,,,,,,,23.2346231,2068.601175,0.9188971174,
107,2025-09-02,14:29:11.65,"Moore, Cooper",806489,Right,LSU_TIG,,Sinker,Live,,88.08907,-1.643884309,-4.286885349,1677.486442,230.1456541,1:45,5.97058,1.02176,5.14386,-23.67724,13.59051,16.31466,2.44516,-1.6619,80.05689,-6.033194414,-1.257324977,0.4393776898,-9.82928,7.62602,-0.63265,50,5.79864,8.97948,-127.63769,-4.5271,-16.13965,27.4126,-19.65215,14c3f4aa-e50d-4921-8062-605ee663ba5f,1aa949a0-302d-40da-900f-7e8fc4ee565c,85.78596,Pitching,22280001,,,,,,,,,,,,,,,,,,,,25.17838244,1518.104486,0.9049876336,
108,2025-09-02,14:29:27.82,"Moore, Cooper",806489,Right,LSU_TIG,,Sinker,Live,,88.5934,-2.905060444,-3.90475651,1780.781786,226.1663112,1:30,5.93152,0.94991,5.11798,-23.60655,13.25026,13.79766,1.21946,-1.58368,80.80841,-7.262547866,-1.345036493,0.4369485493,-8.36608,7.79296,-0.59314,50,5.63988,8.25648,-128.32853,-7.38758,-13.9087,27.30979,-19.21818,d7cd32b4-71b1-4af9-9367-f75753021479,1aa949a0-302d-40da-900f-7e8fc4ee565c,86.26288,Pitching,22280001,,,,,,,,,,,,,,,,,,,,22.8645093,1640.859107,0.9214262637,
109,2025-09-02,14:29:43.86,"Moore, Cooper",806489,Right,LSU_TIG,,Sinker,Live,,88.49154,-0.9324063155,-3.622372323,1844.9453,234.8194397,1:45,5.85182,0.90429,5.30192,-25.8477,10.75888,15.31221,2.82083,-1.22433,80.51853,-5.738895696,-0.7692211054,0.4354627069,-9.14585,5.95843,-0.58623,50,5.74863,7.58614,-128.39858,-3.00938,-15.20553,27.60226,-22.26779,f51cf56e-1437-45e4-8e7c-ad65b002538d,1aa949a0-302d-40da-900f-7e8fc4ee565c,86.55721,Pitching,22280001,,,,,,,,,,,,,,,,,,,,20.75806209,1725.181318,0.9350853481,
110,2025-09-02,14:30:00.89,"Moore, Cooper",806489,Right,LSU_TIG,,Fastball,Live,,89.86901,-1.182300798,-3.147857331,1848.863674,229.7890574,1:45,6.05722,0.75829,,-22.21813,14.32461,16.97962,3.08277,-0.81462,80.91013,-5.296087568,0.002897133636,0.4350827974,-9.82781,7.82259,-0.45669,50,5.91961,6.50573,-130.22693,-3.55034,-16.64595,30.84325,-18.92444,8d79683a-faa7-47b9-b7db-f335a8583088,1aa949a0-302d-40da-900f-7e8fc4ee565c,,Pitching,22280001,,,,,,,,,,,,,,,,,,,,19.02516214,1747.870434,0.9453755072,
111,2025-09-02,14:30:28.14,"Moore, Cooper",806489,Right,LSU_TIG,,Fastball,Live,,88.61906,-1.08594772,-3.554738665,1775.770093,239.5047763,2:00,5.9884,1.03942,5.32948,-27.53768,9.04719,15.40995,2.67271,-1.01561,80.42002,-6.215196393,-0.6762683807,0.4353335501,-9.23253,5.11927,-0.72916,50,5.87082,7.44359,-128.55589,-3.41102,-15.32913,28.60636,-23.67433,9307cfb2-7d52-4031-8a0f-3f5454e2ee20,1aa949a0-302d-40da-900f-7e8fc4ee565c,86.58289,Pitching,22280001,,,,,,,,,,,,,,,,,,,,25.72679849,1599.745268,0.9008740909,
112,2025-09-02,14:30:49.64,"Moore, Cooper",806489,Right,LSU_TIG,,Fastball,Live,,89.0405,-1.250241665,-3.571340335,1775.247569,238.0516756,2:00,6.00371,1.04388,,-27.5177,10.24099,16.46462,2.51181,-1.00557,80.6717,-6.279571013,-0.553048103,0.4422622714,-9.47338,5.60084,-0.67083,50,5.84016,7.37143,-128.92546,-3.94754,-15.82238,28.72722,-22.81956,fb4ee09c-5464-4f47-b592-ef67615119c9,1aa949a0-302d-40da-900f-7e8fc4ee565c,,Pitching,22280001,,,,,,,,,,,,,,,,,,,,25.30556547,1604.896648,0.9040410337,
113,2025-09-02,14:31:07.13,"Moore, Cooper",806489,Right,LSU_TIG,,Sinker,Live,,88.83058,-0.9103168342,-3.513319639,1753.426448,230.3274392,1:45,5.86929,0.88108,5.3395,-24.82383,11.36849,13.75112,2.9451,-1.27257,80.9885,-5.525299467,-0.9522243539,0.432991716,-8.27161,6.27295,-0.57403,50,5.76964,7.42911,-128.93669,-2.93188,-13.8988,27.27219,-21.6336,940e44f7-77ff-42fb-b1de-fbbc1c7472f0,1aa949a0-302d-40da-900f-7e8fc4ee565c,87.05118,Pitching,22280001,,,,,,,,,,,,,,,,,,,,,,,
114,2025-09-02,14:31:27.94,"Moore, Cooper",806489,Right,LSU_TIG,,Sinker,Live,,88.2102,-0.7378600413,-4.087791967,1712.722301,226.6615504,1:30,5.95355,1.12526,,-25.66399,14.56861,15.49769,3.09042,-1.59325,79.98834,-5.319951805,-1.318569854,0.4565206702,-8.72302,7.31213,-0.60871,50,5.82103,8.38178,-127.45949,-2.85017,-14.31201,26.84465,-20.17691,9c769977-5607-486e-b465-5b66a15eca3a,1aa949a0-302d-40da-900f-7e8fc4ee565c,,Pitching,22280001,,,,,,,,,,,,,,,,,,,,26.15977118,1537.284971,0.8975681409,
115,2025-09-02,14:31:58.65,"Moore, Cooper",806489,Right,LSU_TIG,,Sinker,Live,,88.64113,-1.712885302,-2.336254421,1770.873615,228.7442722,1:30,5.88978,0.92983,5.19856,-24.33056,12.20392,13.93382,2.24954,-0.10736,80.84988,-6.22083816,0.2570919694,0.4350336685,-8.00808,6.91845,-0.7239,50,5.71315,4.74817,-128.7135,-4.73076,-13.39247,27.49318,-20.60383,4172ccfc-ad84-4e1e-bcc8-16a2ece2a69a,1aa949a0-302d-40da-900f-7e8fc4ee565c,86.64258,Pitching,22280001,,,,,,,,,,,,,,,,,,,,29.47976285,1541.597843,0.870529568,
116,2025-09-02,14:32:23.75,"Moore, Cooper",806489,Right,LSU_TIG,,Sinker,Live,,89.35429,-2.17202937,-3.5441929,1787.647181,226.8803587,1:30,5.86071,0.93834,5.28385,-22.17065,13.76524,14.7125,1.96883,-1.1677,81.41035,-6.286173333,-0.8047334536,0.4314551203,-8.79041,7.89613,-0.62593,50,5.64661,7.49863,-129.59036,-5.71977,-14.90019,27.89649,-18.78972,4283ddfd-22af-43a4-8073-a0c2ea190aaf,1aa949a0-302d-40da-900f-7e8fc4ee565c,87.3612,Pitching,22280001,,,,,,,,,,,,,,,,,,,,26.8676433,1594.675836,0.8920528913,
117,2025-09-02,14:32:44.71,"Moore, Cooper",806489,Right,LSU_TIG,,Fastball,Live,,89.41839,-1.232972753,-3.140992394,1918.074282,224.3544242,1:30,6.02942,0.5945,5.39269,-21.43165,14.38033,14.09073,3.08616,-1.17751,81.05924,-5.233856024,-0.5052644848,0.4307105615,-8.42327,8.00413,-0.32401,50,5.90458,6.62585,-129.7796,-3.55165,-14.25613,29.09845,-18.62731,af9abc1e-eaf9-4366-97e5-40972de8a89a,1aa949a0-302d-40da-900f-7e8fc4ee565c,87.51222,Pitching,22280001,,,,,,,,,,,,,,,,,,,,,,,
118,2025-09-02,14:33:07.98,"Moore, Cooper",806489,Right,LSU_TIG,,Fastball,Live,,88.5436,0.01081524526,-2.646064062,1895.513668,234.6447433,1:45,5.99344,0.76523,,-24.54042,13.73917,19.43086,3.95877,-0.15028,79.76135,-4.492383254,0.9253411231,0.4453024354,-10.7418,7.00755,-0.49502,50,5.97031,5.13635,-128.29525,-0.97712,-17.69297,29.45581,-20.63182,17e1e1e7-1d11-4691-b541-4a730637b48e,1aa949a0-302d-40da-900f-7e8fc4ee565c,,Pitching,22280001,,,,,,,,,,,,,,,,,,,,,,,
119,2025-09-02,14:33:27.23,"Moore, Cooper",806489,Right,LSU_TIG,,Sinker,Live,,88.49943,,,1820.586388,,,5.92103,0.72909,5.14513,,,,1.89274,-1.00987,80.68576,-6.767246491,-0.2769258894,0.4366955786,-9.40468,6.34947,-0.43548,50,5.71538,6.747,-128.36913,-5.40193,-15.63614,27.47143,-21.61746,a8dfbe29-bd8a-4626-be6d-980e52de3e86,1aa949a0-302d-40da-900f-7e8fc4ee565c,86.31285,Pitching,22280001,,,,,,,,,,,,,,,,,,,,,,,
120,2025-09-02,14:33:48.23,"Moore, Cooper",806489,Right,LSU_TIG,,Sinker,Live,,89.33142,,,1872.221086,,,5.94067,0.76527,5.21556,,,,3.36435,-0.73374,81.15748,-4.694302844,-0.07887544819,0.431870097,-9.03504,8.66341,-0.50292,50,5.83748,6.15733,-129.68016,-2.89886,-15.31783,28.23539,-17.48627,e903eb86-ce97-4c8a-9f07-43ca4ce263ca,1aa949a0-302d-40da-900f-7e8fc4ee565c,87.27726,Pitching,22280001,,,,,,,,,,,,,,,,,,,,,,,
121,2025-09-02,14:34:12.49,"Moore, Cooper",806489,Right,LSU_TIG,,Sinker,Live,,87.61194,-1.682890244,-3.045404104,1781.74084,237.3478585,2:00,5.91704,0.77745,5.20827,-26.90765,10.45687,16.34307,2.08966,-0.72684,80.07447,-6.6624043,-0.007238478542,0.4399477251,-9.4636,5.9806,-0.50806,50,5.7415,6.18266,-127.16721,-4.70129,-15.47692,26.39225,-22.39328,b03389e3-c4df-4bdb-8bbc-43891cc96e7e,1aa949a0-302d-40da-900f-7e8fc4ee565c,85.67481,Pitching,22280001,,,,,,,,,,,,,,,,,,,,,,,
122,2025-09-02,14:34:48.75,"Moore, Cooper",806489,Right,LSU_TIG,,Fastball,Live,A,88.62109,-0.8394640156,-3.744790328,1819.343498,209.3164,1:00,6.05032,0.70684,4.72454,-18.73863,18.70766,10.53854,3.6906,-1.97276,80.142,-4.299117811,-1.79914452,0.4404288801,-6.58771,9.95133,-0.33798,50,5.94942,7.99974,-128.4127,-2.60598,-10.9173,28.45646,-15.68248,a5d49182-3362-46ec-adc8-3479e0fda951,1aa949a0-302d-40da-900f-7e8fc4ee565c,85.58122,Pitching,22280001,,,,,,,,,,,,,,,,,,,,20.16527901,1707.821561,0.9387020996,
123,2025-09-02,14:35:14.04,"Moore, Cooper",806489,Right,LSU_TIG,,Fastball,Live,A,89.40752,-2.75153766,-2.845059508,1875.250531,213.5650547,1:00,5.99542,0.65938,4.77024,-20.44809,16.37965,10.87226,1.67795,-1.13371,80.90174,-6.520698,-0.8307982006,0.4367761898,-6.52584,9.36003,-0.38389,50,5.70247,6.01839,-129.51412,-7.01836,-10.971,29.63185,-16.43832,cb3c2c06-c2c5-4135-b577-444aaa480360,1aa949a0-302d-40da-900f-7e8fc4ee565c,86.29692,Pitching,22280001,,,,,,,,,,,,,,,,,,,,,,,
124,2025-09-02,14:35:43.43,"Moore, Cooper",806489,Right,LSU_TIG,,Fastball,Live,A,88.26,-1.262122059,-1.894932507,1843.621386,228.477517,1:30,5.95037,0.57558,5.3565,-23.40254,13.4127,15.17512,2.81585,0.06267,79.96859,-5.628942536,0.9476157776,0.4367020299,-8.63092,7.50207,-0.41602,50,5.82071,3.71154,-128.18976,-3.64253,-14.21966,28.94439,-19.81421,478203ee-272a-4abf-b400-047e16bb014f,1aa949a0-302d-40da-900f-7e8fc4ee565c,86.31157,Pitching,22280001,,,,,,,,,,,,,,,,,,,,,,,
125,2025-09-02,14:36:04.41,"Moore, Cooper",806489,Right,LSU_TIG,,Fastball,Live,A,89.00981,-2.155886402,-3.382574525,1858.814822,205.1088569,12:45,6.0432,0.61074,5.1437,-19.33888,17.09202,8.0239,2.39757,-1.90867,80.97076,-5.73787907,-1.892305712,0.4344165817,-5.20073,9.61234,-0.30027,50,5.82669,7.33636,-129.07452,-5.57292,-8.73676,27.92333,-16.02617,1ca26b05-fe05-4718-bddd-17ee7c09e0bf,1aa949a0-302d-40da-900f-7e8fc4ee565c,86.76565,Pitching,22280001,,,,,,,,,,,,,,,,,,,,17.5178131,1772.609341,0.953623416,
126,2025-09-02,14:36:43.54,"Moore, Cooper",806489,Right,LSU_TIG,,Fastball,Live,A,89.45845,-0.3413114855,-3.733040998,1910.600205,230.1550226,1:45,6.059,0.58651,5.2397,-23.85265,12.10643,14.56723,3.74985,-1.71256,81.14493,-4.780796048,-1.020141023,0.4315942815,-8.78788,6.48931,-0.25399,50,6.01023,7.94119,-129.77076,-1.63576,-14.90019,28.60394,-21.17118,cfe3b61a-d7a7-4f77-b67a-8e1afbd03dcf,1aa949a0-302d-40da-900f-7e8fc4ee565c,87.33304,Pitching,22280001,,,,,,,,,,,,,,,,,,,,14.86397489,1846.666865,0.9665375623,
127,2025-09-02,14:37:07.40,"Moore, Cooper",806489,Right,LSU_TIG,,Fastball,Live,A,88.32347,1.006863356,-2.749772624,1896.731158,220.3113146,1:15,6.0232,0.67697,,-26.53243,12.89437,10.98631,4.7812,-1.05266,78.15706,-3.888080452,-0.7218665889,0.4519258095,-6.58244,6.19401,-0.37667,50,6.1098,5.68037,-127.69411,1.15348,-10.56102,33.22333,-22.23623,e6130bb4-c51f-4e7e-92bf-6f681d4b2e1c,1aa949a0-302d-40da-900f-7e8fc4ee565c,,Pitching,22280001,,,,,,,,,,,,,,,,,,,,16.88803799,1814.933213,0.956874255,
128,2025-09-02,14:37:34.23,"Moore, Cooper",806489,Right,LSU_TIG,,Fastball,Live,A,88.94264,-0.7259966242,-2.106334997,1884.531005,215.8159151,1:15,6.02889,0.58276,5.29654,-20.64103,16.2759,11.7707,3.62679,-0.41453,79.0993,-4.614371052,0.1154958775,0.4373047771,-7.01332,8.91399,-0.39968,50,5.94845,4.33298,-129.00053,-2.35743,-11.49601,33.64821,-17.56252,7aa0fd44-7b50-4e6a-97e9-acfa573e7362,1aa949a0-302d-40da-900f-7e8fc4ee565c,86.19261,Pitching,22280001,,,,,,,,,,,,,,,,,,,,,,,
129,2025-09-02,14:38:00.86,"Moore, Cooper",806489,Right,LSU_TIG,,Fastball,Live,A,89.5304,-0.926977859,-2.582218672,1868.961512,210.0120981,1:00,6.0609,0.47998,,-19.08915,19.35968,11.20648,3.57849,-1.0689,79.02519,-4.453748725,-0.5087460086,0.4462856716,-6.67016,10.20858,-0.19983,50,5.93646,5.37133,-129.42396,-2.88923,-10.95522,34.98132,-15.40725,3f98bd36-3174-4a8b-8900-54f58dfbc81d,1aa949a0-302d-40da-900f-7e8fc4ee565c,,Pitching,22280001,,,,,,,,,,,,,,,,,,,,,,,
130,2025-09-02,14:38:59.33,"Moore, Cooper",806489,Right,LSU_TIG,,Fastball,Live,A,89.18126,-1.940856278,-2.138763973,1893.310266,219.7944713,1:15,5.99956,0.68474,,-21.5257,16.2029,13.51074,2.36361,-0.2181,78.92253,-5.960036895,0.3952243657,0.4420859445,-7.86333,9.19637,-0.48165,50,5.787,4.31144,-129.08236,-5.18865,-12.83173,35.08017,-17.167,8cf25715-7fbe-482c-8be5-a808c140b46a,1aa949a0-302d-40da-900f-7e8fc4ee565c,,Pitching,22280001,,,,,,,,,,,,,,,,,,,,14.8086212,1830.423854,0.9667849412,
131,2025-09-02,14:39:18.53,"Moore, Cooper",806489,Right,LSU_TIG,,Fastball,Live,A,89.08306,0.8836143736,-0.2412182774,1927.739662,202.3744274,12:45,6.01463,0.61008,5.18724,-18.47131,18.49742,7.62649,5.3066,1.01872,78.96798,-2.5984527,1.197294835,0.4376114282,-4.12881,9.48042,-0.59326,50,6.08312,0.2728,-129.24058,1.33621,-6.78132,34.19261,-16.60302,b3aaa450-0c46-4134-a3a9-6db536b6f634,1aa949a0-302d-40da-900f-7e8fc4ee565c,86.13221,Pitching,22280001,,,,,,,,,,,,,,,,,,,,-24.92747255,1748.155347,0.9068420291,
132,2025-09-02,14:39:50.34,"Moore, Cooper",806489,Right,LSU_TIG,,Fastball,Live,A,88.92034,-0.9280542545,-2.252008057,1848.372781,210.2767571,1:00,6.03989,0.70879,,-23.49945,15.05836,8.81235,3.19158,-0.71583,79.01138,-5.265209125,-0.6213068089,0.4469176843,-5.31113,8.0329,-0.46911,50,5.91414,4.70124,-128.67068,-3.04263,-8.6654,33.36417,-19.06792,b5c2235e-8aff-456a-b839-ae7486b113b2,1aa949a0-302d-40da-900f-7e8fc4ee565c,,Pitching,22280001,,,,,,,,,,,,,,,,,,,,,,,
133,2025-09-02,14:45:01.03,"Cowan, Zac",828823,Right,LSU_FAL,,Fastball,Live,,87.93203,1.758128529,-1.759030056,2234.267319,239.7160848,2:00,5.24029,1.56273,5.32964,-26.66513,10.75141,18.49398,4.66889,1.45313,78.80503,-3.249963209,1.717728149,0.4402538726,-10.40283,5.12783,-1.41691,50,5.3804,3.27787,-127.60896,2.99447,-16.84465,30.66987,-23.87088,f96a5cef-4bd7-48d3-a412-fc8c0ad3ceed,1aa949a0-302d-40da-900f-7e8fc4ee565c,85.61524,Pitching,22280001,,,,,,,,,,,,,,,,,,,,25.48850553,2016.809731,0.9026716338,
134,2025-09-02,14:45:18.64,"Cowan, Zac",828823,Right,LSU_FAL,,Fastball,Live,,88.42608,-0.931451238,-4.370295295,2244.229804,226.5720824,1:30,5.10471,1.48283,5.25003,-21.73882,15.4797,16.41022,2.41537,-1.26372,79.34657,-4.999333664,-1.29933283,0.4390873799,-10.11439,8.49878,-1.09351,50,5.00349,9.2077,-128.05284,-2.85454,-16.51746,30.50631,-18.29498,d1f79ca3-d7d7-46fc-84d4-5aab7ed5338b,1aa949a0-302d-40da-900f-7e8fc4ee565c,85.84268,Pitching,22280001,,,,,,,,,,,,,,,,,,,,,,,
135,2025-09-02,14:45:39.73,"Cowan, Zac",828823,Right,LSU_FAL,,Fastball,Live,,88.3633,0.4072799937,-2.844827375,2130.815737,223.5258459,1:30,5.26442,1.49031,,-24.14093,13.97006,13.31981,3.64015,-0.10503,79.03174,-4.072741901,-0.3711793829,0.4443206689,-7.85573,7.10774,-1.21085,50,5.28501,5.84997,-128.02105,-0.01627,-12.79029,31.10009,-20.60159,8ca99690-c84f-4292-b175-26f9e9fd9b9b,1aa949a0-302d-40da-900f-7e8fc4ee565c,,Pitching,22280001,,,,,,,,,,,,,,,,,,,,,,,
136,2025-09-02,14:46:08.30,"Cowan, Zac",828823,Right,LSU_FAL,,Fastball,Live,,88.53226,1.162298195,-3.975248208,2073.796803,229.9602787,1:45,5.21439,1.52553,,-28.15189,10.0369,12.0292,3.98557,-1.28935,80.34461,-3.970502053,-1.783026598,0.4447739518,-7.23441,4.7625,-1.09671,50,5.3147,8.40812,-128.17779,1.43831,-12.01095,27.00075,-24.26709,6c25da9e-f637-4731-ac4e-b19e4da62bbe,1aa949a0-302d-40da-900f-7e8fc4ee565c,,Pitching,22280001,,,,,,,,,,,,,,,,,,,,,,,
137,2025-09-02,14:46:30.52,"Cowan, Zac",828823,Right,LSU_FAL,,Fastball,Live,,87.75744,-0.8702728851,-3.414317154,2052.313918,231.8658867,1:45,5.19414,1.53516,,-25.20568,12.40863,15.85392,2.27432,-0.35603,79.11857,-5.575608765,-0.4485788653,0.4414158931,-9.46709,6.83758,-1.23284,50,5.09586,7.03461,-127.25789,-2.82338,-15.31525,29.40444,-21.11266,f311925c-448b-451b-97ca-18313ad6ed44,1aa949a0-302d-40da-900f-7e8fc4ee565c,,Pitching,22280001,,,,,,,,,,,,,,,,,,,,21.77421184,1905.887233,0.9286528811,
138,2025-09-02,14:47:24.39,"Cowan, Zac",828823,Right,LSU_FAL,,Fastball,Live,,84.50379,1.642478629,-2.244077977,1846.244911,244.5736638,2:15,5.23927,1.56283,5.61092,-35.84334,3.85021,8.19082,3.78676,0.15005,76.703,-5.078770539,-0.7057419434,0.4534520875,-5.05095,1.56892,-1.37652,50,5.35669,4.54754,-122.76579,2.37105,-7.65417,25.90213,-29.79652,c1614fd9-b43d-498c-95cf-532f0518936f,1aa949a0-302d-40da-900f-7e8fc4ee565c,83.12331,Pitching,22280001,,,,,,,,,,,,,,,,,,,,,,,
139,2025-09-02,14:48:30.03,"Cowan, Zac",828823,Right,LSU_FAL,,Fastball,Live,,85.10559,,,1968.531331,,,5.74319,1.44504,5.37097,,,,0.57539,-1.82976,76.01281,,,0.4578177239,-5.19435,11.83613,-1.0814,50,5.40027,8.60585,-122.99137,-8.56793,-7.75111,30.26024,-14.51197,f5ae5979-9392-4104-b554-e56419e0f49b,1aa949a0-302d-40da-900f-7e8fc4ee565c,82.33067,Pitching,22280001,,,,,,,,,,,,,,,,,,,,25.38937904,1778.400317,0.9034147893,
140,2025-09-02,14:48:52.05,"Cowan, Zac",828823,Right,LSU_FAL,,Fastball,Live,,84.36819,0.7989578392,-4.314802466,2013.467405,247.5158293,2:15,5.19481,1.53936,,-35.61263,4.76131,11.64656,2.98013,-1.55278,76.88506,-5.807816473,-2.152683477,0.4573218759,-7.36989,2.28205,-1.15081,50,5.24237,8.83159,-122.32138,0.49494,-11.1406,24.64463,-28.72441,ea379933-ba45-4c72-9577-54190dc4c061,1aa949a0-302d-40da-900f-7e8fc4ee565c,,Pitching,22280001,,,,,,,,,,,,,,,,,,,,47.33164557,1364.634901,0.6777536588,
141,2025-09-02,14:50:20.91,"Cowan, Zac",828823,Right,LSU_FAL,,Fastball,Live,,86.38137,1.588985173,-1.914850768,2089.571645,240.4335422,2:00,5.18344,1.475,,-29.95161,8.96083,15.88136,4.18431,0.99545,77.69978,-4.007315497,1.056183895,0.4489682932,-8.98696,4.2158,-1.30811,50,5.30951,3.63365,-125.35262,2.42828,-14.09268,28.75807,-25.56315,ece5341d-5b76-4879-8e47-423523e3328f,1aa949a0-302d-40da-900f-7e8fc4ee565c,,Pitching,22280001,,,,,,,,,,,,,,,,,,,,,,,
142,2025-09-02,14:50:45.93,"Cowan, Zac",828823,Right,LSU_FAL,,Fastball,Live,,86.91155,-0.2948792807,-3.048917267,2124.975701,245.3817063,2:15,5.21503,1.33873,5.87199,-28.76423,8.61096,18.87533,2.54377,0.0775,78.51086,-5.724596289,0.5236438505,0.4400105579,-11.17362,4.74983,-1.10312,50,5.17469,6.1306,-126.23298,-1.55438,-17.78816,28.90368,-24.61243,665d2125-65c8-4f9b-b109-802dff41a939,1aa949a0-302d-40da-900f-7e8fc4ee565c,85.66258,Pitching,22280001,,,,,,,,,,,,,,,,,,,,25.98718283,1910.123845,0.8988920882,
143,2025-09-02,14:51:50.84,"Cowan, Zac",828823,Right,LSU_FAL,,Fastball,Live,,86.47761,1.57727043,-3.17994395,2090.100935,232.6350909,1:45,5.16981,1.51231,,-27.78138,12.48491,16.44631,4.3686,-0.16701,77.74002,-3.519666653,-0.161565789,0.4567118075,-9.36944,5.86755,-1.17815,50,5.31598,6.29618,-125.18652,2.3394,-14.69666,27.99874,-22.97036,e6535dbc-15cd-491c-9caf-4f318b1f87d0,1aa949a0-302d-40da-900f-7e8fc4ee565c,,Pitching,22280001,,,,,,,,,,,,,,,,,,,,32.11621212,1770.255978,0.8469715256,
144,2025-09-02,14:52:23.31,"Cowan, Zac",828823,Right,LSU_FAL,,Sinker,Live,,87.80977,-1.481597234,-4.082829659,2223.004931,243.9071275,2:15,5.02479,1.2231,5.2155,-29.22103,8.14669,16.6724,1.19293,-1.23251,79.98759,-6.897596368,-0.9821316742,0.4399666248,-9.97633,4.72575,-0.85824,50,4.86632,8.493,-127.29355,-4.3404,-16.29696,27.20415,-24.45424,f91a8609-527c-4473-8f7c-08b34fa1999b,1aa949a0-302d-40da-900f-7e8fc4ee565c,85.67113,Pitching,22280001,,,,,,,,,,,,,,,,,,,,,,,
145,2025-09-02,14:52:51.04,"Cowan, Zac",828823,Right,LSU_FAL,,Fastball,Live,,87.2745,-0.9546767537,-4.126983982,2107.575176,229.4990274,1:45,5.1587,1.34577,5.71686,-22.31279,15.22187,17.87734,2.40773,-1.01498,78.32131,-5.166832413,-0.7496975076,0.440948263,-10.98635,8.50983,-1.01159,50,5.06527,8.55247,-126.52142,-2.83346,-17.49364,30.06755,-18.62379,edcfe282-a88e-4de2-928f-9304997d2e0d,1aa949a0-302d-40da-900f-7e8fc4ee565c,85.48041,Pitching,22280001,,,,,,,,,,,,,,,,,,,,25.43536543,1903.28868,0.9030703635,
146,2025-09-02,14:53:18.50,"Cowan, Zac",828823,Right,LSU_FAL,,Sinker,Live,,86.96736,0.4451971903,-4.363982789,2236.625987,242.2120151,2:00,5.05201,1.27202,5.87976,-27.64771,9.45262,18.06844,3.16264,-1.28233,79.05958,-4.754347873,-0.9658765418,0.4383896747,-11.01035,4.97183,-0.92995,50,5.07207,9.06029,-126.21029,0.10943,-17.69549,26.55128,-24.18348,f1cc87bb-a6b3-4723-a6d5-f598ab25d9e1,1aa949a0-302d-40da-900f-7e8fc4ee565c,85.9793,Pitching,22280001,,,,,,,,,,,,,,,,,,,,,,,
147,2025-09-02,14:54:01.73,"Cowan, Zac",828823,Right,LSU_FAL,,Fastball,Live,,88.27185,0.7029709448,-3.610128036,2130.814036,238.683317,2:00,5.12173,1.44128,,-26.19736,11.67413,19.30125,3.60646,-0.37757,79.36114,-4.153549501,-0.03037998466,0.4429223357,-11.17674,5.84639,-1.09556,50,5.1701,7.33597,-127.87726,0.57851,-18.26473,29.5946,-22.62004,57b8273e-80c2-4501-8d7c-0d08f8763c35,1aa949a0-302d-40da-900f-7e8fc4ee565c,,Pitching,22280001,,,,,,,,,,,,,,,,,,,,21.31765579,1985.022134,0.9315792469,
148,2025-09-02,14:54:33.26,"Cowan, Zac",828823,Right,LSU_FAL,,Fastball,Live,,86.69795,-0.6721124448,-4.848241163,2051.351254,235.5877753,1:45,5.18155,1.29393,5.89903,-25.19862,12.36049,18.12688,2.45553,-1.7065,78.40909,-5.423171705,-1.430671797,0.4410918691,-11.28855,6.89035,-0.9141,50,5.11306,10.09432,-125.68131,-2.2665,-17.88236,27.75781,-21.25895,aceb3f75-006c-4c2b-a855-9054dfa76386,1aa949a0-302d-40da-900f-7e8fc4ee565c,85.45258,Pitching,22280001,,,,,,,,,,,,,,,,,,,,22.73401002,1891.979433,0.9223088582,
149,2025-09-02,14:55:00.55,"Cowan, Zac",828823,Right,LSU_FAL,,Sinker,Live,,88.28657,0.2573990141,-2.627955313,2227.201481,240.7833059,2:00,5.10397,1.27722,,-27.36199,10.20373,18.32679,3.06775,0.31475,79.77422,-4.811334455,0.7732134082,0.4411306724,-10.35443,5.23589,-1.03261,50,5.10677,5.18831,-128.07631,-0.45452,-17.02512,28.94874,-23.56502,d0c67495-9b76-4edd-a4a0-96a2428396c6,1aa949a0-302d-40da-900f-7e8fc4ee565c,,Pitching,22280001,,,,,,,,,,,,,,,,,,,,26.39421624,1995.030515,0.8957566397,
150,2025-09-02,14:55:26.50,"Cowan, Zac",828823,Right,LSU_FAL,,Fastball,Live,,88.11678,0.02455824978,-4.348888608,2183.650036,239.1753672,2:00,5.20686,1.28918,5.98291,-25.66511,10.59954,17.86662,3.09093,-1.26005,79.49102,-4.831303944,-0.9682617036,0.4334241849,-11.06061,5.7448,-0.95557,50,5.19471,9.16388,-127.83389,-0.74618,-18.08135,29.32414,-22.78273,f17e90b8-573e-4385-8b23-93522c112007,1aa949a0-302d-40da-900f-7e8fc4ee565c,86.96432,Pitching,22280001,,,,,,,,,,,,,,,,,,,,23.18405501,2007.309235,0.9192449348,
151,2025-09-02,14:55:49.75,"Cowan, Zac",828823,Right,LSU_FAL,,Sinker,Live,,88.69076,0.09882663445,-4.577789149,2145.575684,243.1675107,2:00,5.06786,1.22262,5.40481,-27.83609,8.38193,16.6875,2.84107,-1.68458,80.92454,-5.078451478,-1.47429576,0.4331454093,-10.10951,4.41463,-0.82629,50,5.05744,9.71353,-128.61895,-0.75282,-16.94641,26.50457,-24.77388,26d83077-0439-4909-be27-c38d4d7d484b,1aa949a0-302d-40da-900f-7e8fc4ee565c,87.02029,Pitching,22280001,,,,,,,,,,,,,,,,,,,,24.92818199,1945.687009,0.9068368103,
152,2025-09-02,14:56:13.09,"Cowan, Zac",828823,Right,LSU_FAL,,Fastball,Live,,86.16825,1.283572015,-3.532255916,2112.407462,237.4436762,2:00,5.18889,1.31721,5.80342,-27.66879,10.40928,16.41622,4.0792,-0.60354,77.78749,-3.934421659,-0.4355119882,0.4441287633,-9.93853,5.21445,-1.03707,50,5.27795,7.20193,-125.07343,1.93374,-15.57932,27.67707,-24.00005,724c9f50-33d9-46bf-8ed6-63faaa9b0dcd,1aa949a0-302d-40da-900f-7e8fc4ee565c,84.86827,Pitching,22280001,,,,,,,,,,,,,,,,,,,,25.670414,1903.914601,0.9013008311,
153,2025-09-02,14:57:37.69,"Cowan, Zac",828823,Right,LSU_FAL,,Fastball,Live,,85.14741,-0.3241718278,-2.364334839,1968.680273,226.6213372,1:30,5.21352,1.41085,,-26.54305,13.95604,14.81357,2.69409,0.40316,76.92216,-5.235449866,0.3833502066,0.4580301265,-8.43493,7.35644,-1.18714,50,5.15874,4.55788,-123.52399,-1.67116,-12.88884,27.1348,-20.93317,b0a40c61-d029-40f9-afa4-78e601786b3e,1aa949a0-302d-40da-900f-7e8fc4ee565c,,Pitching,22280001,,,,,,,,,,,,,,,,,,,,24.69218791,1788.674275,0.9085651438,
154,2025-09-02,14:58:01.33,"Cowan, Zac",828823,Right,LSU_FAL,,Fastball,Live,,82.52249,0.6266756733,-1.197649879,1801.7713,231.2896537,1:45,5.20916,1.35537,,-31.56791,9.68666,12.13477,3.16049,1.25447,74.75765,-5.331022324,1.098567748,0.4622824793,-6.93258,5.04302,-1.26585,50,5.24159,2.14677,-120.01781,0.37049,-9.99965,25.63165,-24.89993,b6ae7b40-2eb8-4177-b1b0-bffc76c47cc1,1aa949a0-302d-40da-900f-7e8fc4ee565c,,Pitching,22280001,,,,,,,,,,,,,,,,,,,,,,,
155,2025-09-02,14:59:15.48,"Cowan, Zac",828823,Right,LSU_FAL,,Fastball,Live,,83.21619,-2.391745073,-2.320190652,1915.43897,221.8049403,1:30,5.24746,1.4807,5.54153,-27.15092,13.90775,12.44828,0.74677,0.34875,75.87438,-7.447762819,0.01447250028,0.4611835544,-7.32866,8.12907,-1.28799,50,5.02249,4.49696,-120.82511,-5.92,-10.76499,24.93695,-20.23335,2d266233-e87c-40e7-9219-d150ce561713,1aa949a0-302d-40da-900f-7e8fc4ee565c,81.7298,Pitching,22280001,,,,,,,,,,,,,,,,,,,,25.70322853,1725.911233,0.9010525838,
156,2025-09-02,14:59:44.35,"Cowan, Zac",828823,Right,LSU_FAL,,Fastball,Live,,83.22828,1.659803626,-2.587538841,1851.252851,250.2908291,2:15,5.27924,1.36014,,-37.79577,3.7399,10.58156,3.69622,-0.19884,76.00127,-5.333438167,-0.62637671,0.4638547543,-6.26182,1.49754,-1.12312,50,5.40737,5.09455,-120.8405,2.1963,-9.25985,23.52719,-29.95952,a13dbe3c-074a-4703-aa90-c20764856ca5,1aa949a0-302d-40da-900f-7e8fc4ee565c,,Pitching,22280001,,,,,,,,,,,,,,,,,,,,40.24314236,1413.07944,0.7633097979,
157,2025-09-02,15:00:14.66,"Cowan, Zac",828823,Right,LSU_FAL,,Fastball,Live,,85.50443,2.468454,-2.958004285,2083.751242,207.9806642,1:00,5.40591,1.2995,5.69137,-21.37585,17.59693,9.38099,5.9293,-0.6776,76.77014,-1.56314502,-1.188725147,0.4493162347,-5.98336,8.66797,-1.05686,50,5.60029,6.11073,-124.04149,4.67353,-9.19274,28.02724,-18.85672,15894b1f-411e-47d7-b894-b762db4b28f9,1aa949a0-302d-40da-900f-7e8fc4ee565c,83.88844,Pitching,22280001,,,,,,,,,,,,,,,,,,,,,,,
158,2025-09-02,15:03:55.32,"Fontenot, Grant",701584,Right,LSU_FAL,,Sinker,Live,,91.60197,-1.954942496,-5.314868924,2282.441461,236.5479506,2:00,5.08715,1.97262,5.87402,-21.15041,13.16668,19.95095,1.50061,-1.31469,81.40352,-5.975873555,-1.523058143,0.4216252671,-12.7417,7.85083,-1.55368,50,4.91664,11.6724,-132.45808,-5.22989,-22.01316,35.55996,-18.61058,bef8ef79-a4e1-48ce-bb1f-6bfcd72592bc,1aa949a0-302d-40da-900f-7e8fc4ee565c,89.39796,Pitching,22280001,,,,,,,,,,,,,,,,,,,,36.94277707,1824.209752,0.7992361614,
159,2025-09-02,15:04:15.16,"Fontenot, Grant",701584,Right,LSU_FAL,,Fastball,Live,,91.65171,-1.368934541,-3.237974762,2456.243933,212.8348413,1:00,5.1771,2.04546,6.32603,-17.8021,15.4971,10.02288,2.43087,-0.1039,82.04087,-4.773462937,-1.318817335,0.4153251953,-6.62972,9.00441,-1.81412,50,5.06884,7.22726,-133.09487,-3.72274,-11.63101,34.41178,-16.37693,ca46d443-e2f5-45aa-8d63-9cd1f84cc3a6,1aa949a0-302d-40da-900f-7e8fc4ee565c,90.75404,Pitching,22280001,,,,,,,,,,,,,,,,,,,,36.01379373,1986.795451,0.808875464,
160,2025-09-02,15:04:30.35,"Fontenot, Grant",701584,Right,LSU_FAL,,Fastball,Live,,92.96362,-2.501220518,-4.91766,2342.731861,219.391283,1:15,5.2125,2.01352,,-20.33184,15.444,12.70204,1.10039,-1.67274,82.71848,-6.224411165,-2.589403359,0.4304931958,-8.15223,8.70035,-1.46243,50,4.90314,10.973,-133.99319,-6.76452,-14.46784,35.38546,-16.73347,7683e437-4e04-4122-aa15-c916499c85bc,1aa949a0-302d-40da-900f-7e8fc4ee565c,,Pitching,22280001,,,,,,,,,,,,,,,,,,,,24.89915639,2124.975435,0.9070502135,
161,2025-09-02,15:04:45.28,"Fontenot, Grant",701584,Right,LSU_FAL,,Fastball,Live,,91.73324,-2.935346829,-4.573848594,2378.98241,215.6996673,1:15,5.11206,1.91868,5.75807,-17.8979,16.22762,11.66863,0.87758,-1.37478,82.1929,-6.311768624,-2.368498307,0.4204468107,-7.8434,9.75019,-1.54639,50,4.85754,10.22748,-132.73487,-7.42785,-13.70723,33.82387,-15.1345,1af737dc-e90b-44c4-a114-9a01933ee468,1aa949a0-302d-40da-900f-7e8fc4ee565c,89.64853,Pitching,22280001,,,,,,,,,,,,,,,,,,,,39.04382868,1847.670785,0.7766643325,
162,2025-09-02,15:05:00.43,"Fontenot, Grant",701584,Right,LSU_FAL,,Sinker,Live,,91.71359,-1.565748778,-3.044459172,2267.331182,238.9176111,2:00,5.0817,2.199,5.42445,-23.26442,11.46053,19.03352,1.67423,0.9313,81.41306,-5.95732057,0.5613137144,0.4241233761,-11.29685,6.70391,-1.94185,50,4.92725,6.3976,-132.88316,-4.45622,-19.5813,36.58836,-20.55388,9e23fa22-c1c9-4de8-a03b-40ff037ec160,1aa949a0-302d-40da-900f-7e8fc4ee565c,88.8714,Pitching,22280001,,,,,,,,,,,,,,,,,,,,32.47281607,1912.8255,0.8436462722,
163,2025-09-02,15:05:13.99,"Fontenot, Grant",701584,Right,LSU_FAL,,Sinker,Live,,92.85834,-1.067052717,-2.015272045,2365.626325,228.3642618,1:30,5.20185,2.35119,,-18.8663,16.35737,18.4283,2.61177,1.96506,81.85599,-4.582055834,1.427191068,0.4271581896,-10.30594,8.87293,-2.15566,50,5.07227,3.97706,-134.36614,-3.27303,-18.18786,38.50974,-16.51516,282422b0-d985-4db9-a0eb-3abf18dee983,1aa949a0-302d-40da-900f-7e8fc4ee565c,,Pitching,22280001,,,,,,,,,,,,,,,,,,,,37.497531,1876.839602,0.7933795724,
164,2025-09-02,15:05:32.39,"Fontenot, Grant",701584,Right,LSU_FAL,,Fastball,Live,,92.50908,-3.731168965,-4.042720987,2386.83819,205.088812,12:45,5.22954,2.099,,-16.26327,19.01525,8.90077,0.30858,-1.01402,82.53623,-6.733258276,-2.39273323,0.427490612,-6.0057,11.13295,-1.68592,50,4.82544,9.07542,-133.50449,-9.38607,-10.58786,34.95305,-12.54703,f8db5cb7-ecc4-4303-9bff-d81b90a9a6f5,1aa949a0-302d-40da-900f-7e8fc4ee565c,,Pitching,22280001,,,,,,,,,,,,,,,,,,,,36.92357358,1908.128089,0.799437556,
165,2025-09-02,15:05:49.49,"Fontenot, Grant",701584,Right,LSU_FAL,,Fastball,Live,,93.30286,-2.259731877,-4.421896581,2425.378214,217.0154235,1:15,5.11892,2.19517,,-17.4588,16.5927,12.53075,1.5184,-0.95287,83.50641,-5.505280858,-2.091171514,0.4199905754,-8.02631,9.42834,-1.77007,50,4.88192,9.9402,-134.8974,-6.0237,-14.5098,34.52646,-15.12971,88eb44d7-259d-4d04-9488-c8803f2a7238,1aa949a0-302d-40da-900f-7e8fc4ee565c,,Pitching,22280001,,,,,,,,,,,,,,,,,,,,37.09721682,1934.513749,0.7976132291,
166,2025-09-02,15:06:50.32,"Fontenot, Grant",701584,Right,LSU_FAL,,Sinker,Live,,92.92329,-1.732536333,-3.695823509,2299.646413,237.6408206,2:00,5.14029,2.10527,,-22.87523,11.7137,18.50556,1.59383,0.15205,82.09093,-6.024351182,-0.2142489566,0.4232919098,-11.14415,6.82482,-1.76251,50,4.95489,7.9756,-134.37522,-4.94351,-19.68682,38.28937,-20.11758,c317ef4c-4c65-475e-863d-5936f6c28f48,1aa949a0-302d-40da-900f-7e8fc4ee565c,,Pitching,22280001,,,,,,,,,,,,,,,,,,,,,,,
167,2025-09-02,15:07:04.14,"Fontenot, Grant",701584,Right,LSU_FAL,,Sinker,Live,,92.08012,-2.092324513,-3.248609176,2292.064406,247.9414891,2:15,5.08662,2.01381,5.90093,-26.15351,7.87764,19.42971,0.96111,0.61441,81.47418,-7.076396227,0.4744931029,0.4198650049,-11.83617,5.09993,-1.76364,50,4.90384,6.94321,-133.42371,-5.73024,-20.55439,38.49505,-23.31765,9d7e9a63-eeef-493f-87d8-5ba3fe563f4f,1aa949a0-302d-40da-900f-7e8fc4ee565c,89.77276,Pitching,22280001,,,,,,,,,,,,,,,,,,,,32.79558555,1926.72845,0.8406083378,
168,2025-09-02,15:07:29.25,"Fontenot, Grant",701584,Right,LSU_FAL,,Sinker,Live,,92.85484,-2.508600369,-4.0743493,2241.514123,247.5453417,2:15,5.11497,2.01857,6.36486,-25.13634,7.6996,18.58563,0.70482,-0.18772,82.44833,-7.328866318,-0.4930854047,0.4124260764,-11.81676,5.20668,-1.73264,50,4.92188,9.02643,-134.54195,-6.66287,-20.93654,38.26345,-22.94903,08d8deee-cd94-4846-b2a8-583998e80293,1aa949a0-302d-40da-900f-7e8fc4ee565c,91.39199,Pitching,22280001,,,,,,,,,,,,,,,,,,,,36.78109803,1795.293545,0.8009289462,
169,2025-09-02,15:07:48.89,"Fontenot, Grant",701584,Right,LSU_FAL,,Sinker,Live,,92.87091,-2.60517402,-2.207989768,2311.389926,247.2413131,2:15,5.14552,2.2611,,-27.00402,8.62045,20.52778,0.40081,1.85964,81.93841,-7.602228541,1.622765393,0.4295815569,-11.44019,5.46253,-2.04168,50,4.83767,4.32217,-134.164,-7.22801,-20.05605,39.33267,-22.59756,2f9d307c-e613-43e5-a42a-6129cb59cc91,1aa949a0-302d-40da-900f-7e8fc4ee565c,,Pitching,22280001,,,,,,,,,,,,,,,,,,,,,,,
170,2025-09-02,15:08:05.27,"Fontenot, Grant",701584,Right,LSU_FAL,,Fastball,Live,,91.74044,-1.860197144,-3.783999246,2353.175598,215.7647867,1:15,5.07286,1.91565,5.69994,-18.19821,15.84657,11.43582,1.81881,-0.66202,82.23122,-5.294866361,-1.622840786,0.4199491652,-7.42407,9.15371,-1.60524,50,4.90557,8.40687,-132.97831,-4.94612,-13.03527,33.68394,-16.10186,d2f95b9b-ea3e-4470-96c0-9350b41a75c9,1aa949a0-302d-40da-900f-7e8fc4ee565c,89.75477,Pitching,22280001,,,,,,,,,,,,,,,,,,,,35.57897088,1913.871509,0.8133143614,
171,2025-09-02,15:08:19.71,"Fontenot, Grant",701584,Right,LSU_FAL,,Fastball,Live,,91.71796,-3.077482091,-2.782330639,2368.364111,222.9485382,1:30,4.94659,1.85056,7.44362,-18.19862,13.55587,12.609,0.65048,0.39173,82.69277,-6.61113439,-0.3202712662,0.4055775783,-8.15513,8.79768,-1.70541,50,4.77733,6.19118,-133.39613,-7.60144,-14.41638,33.76156,-16.62178,df7ead77-d881-4282-973b-31b774ff7e06,1aa949a0-302d-40da-900f-7e8fc4ee565c,92.93521,Pitching,22280001,,,,,,,,,,,,,,,,,,,,41.42508981,1775.850116,0.7498214094,
172,2025-09-02,15:08:43.89,"Fontenot, Grant",701584,Right,LSU_FAL,,Sinker,Live,,90.89686,-0.1873311296,-3.420185484,2236.921536,245.788747,2:15,4.93674,2.15677,7.43431,-25.08926,7.70393,17.21695,2.6768,0.50482,80.46491,-5.119319555,-0.0306373335,0.4121575115,-11.2232,4.50349,-1.97814,50,4.92013,7.511,-132.20636,-1.00171,-19.1442,37.68653,-24.49213,df41e736-a17d-4cf7-b112-ac37c664c86d,1aa949a0-302d-40da-900f-7e8fc4ee565c,91.45154,Pitching,22280001,,,,,,,,,,,,,,,,,,,,40.99442125,1688.368997,0.7547734555,
173,2025-09-02,15:08:59.44,"Fontenot, Grant",701584,Right,LSU_FAL,,Sinker,Live,,89.89592,-0.4351191463,-1.83914526,2307.114782,237.2678282,2:00,5.13295,2.17848,7.28771,-21.35253,11.98382,18.68893,2.96003,2.07276,80.41374,-4.599011794,1.814576569,0.4155567807,-11.3199,6.99468,-2.08076,50,5.1024,3.76345,-130.93574,-1.49865,-19.1403,34.34944,-20.34706,01c79421-3a7d-43eb-b312-50cb3db3282b,1aa949a0-302d-40da-900f-7e8fc4ee565c,90.70346,Pitching,22280001,,,,,,,,,,,,,,,,,,,,,,,
174,2025-09-02,15:09:31.92,"Fontenot, Grant",701584,Right,LSU_FAL,,Fastball,Live,,92.34296,-1.512791543,-3.154768631,2272.457903,210.3024153,1:00,5.0118,1.9798,5.6261,-20.80276,12.65399,7.41378,1.86436,-0.3487,83.33908,-5.419939373,-1.759209402,0.4163066051,-4.97435,7.26284,-1.71591,50,4.86981,7.12781,-134.00481,-4.26858,-8.92443,32.5652,-19.14387,f3b5870c-6cf1-48e3-a1c4-6e54cb797c5a,1aa949a0-302d-40da-900f-7e8fc4ee565c,90.54009,Pitching,22280001,,,,,,,,,,,,,,,,,,,,,,,
175,2025-09-02,15:09:46.74,"Fontenot, Grant",701584,Right,LSU_FAL,,Fastball,Live,,91.13227,-0.6412609924,-3.641042771,2241.475556,209.1871435,1:00,5.07744,1.84757,7.54903,-19.19466,12.39732,6.95053,2.89994,-0.85246,83.07446,-4.363145886,-2.293153894,0.404538483,-5.04906,7.29825,-1.66161,50,5.03956,8.28889,-132.72521,-1.92191,-8.96467,29.63959,-19.2159,0508173c-c9d2-4fe7-8c47-ee41bfa676d3,1aa949a0-302d-40da-900f-7e8fc4ee565c,93.17393,Pitching,22280001,,,,,,,,,,,,,,,,,,,,43.22409973,1633.319818,0.728680629,
176,2025-09-02,15:10:01.21,"Fontenot, Grant",701584,Right,LSU_FAL,,Sinker,Live,,91.83878,-1.410454104,-2.525598707,2289.146664,243.4275157,2:00,5.03252,1.96811,8.48257,-22.76707,7.50153,15.02612,1.88819,0.98841,82.97636,-5.926627938,0.4664476073,0.3959748469,-9.79261,4.93889,-1.88098,50,4.9801,5.67133,-134.01385,-3.66628,-17.47373,34.0453,-23.36121,233cfda5-d873-4cd7-92fe-2308bd1f806f,1aa949a0-302d-40da-900f-7e8fc4ee565c,95.18897,Pitching,22280001,,,,,,,,,,,,,,,,,,,,,,,
177,2025-09-02,15:10:17.17,"Fontenot, Grant",701584,Right,LSU_FAL,,Fastball,Live,,93.02722,-1.376029947,-4.868376879,2368.348739,209.4407674,1:00,5.13074,2.1304,,-19.54773,14.62709,8.28973,2.19215,-1.80571,83.85324,-4.987392788,-3.338113984,0.4207503807,-5.82686,8.03071,-1.64856,50,4.97579,11.12779,-134.53656,-4.02453,-10.55695,32.31659,-17.62422,3eed70d1-4864-42f8-8de2-9d0f0dfce255,1aa949a0-302d-40da-900f-7e8fc4ee565c,,Pitching,22280001,,,,,,,,,,,,,,,,,,,,,,,
178,2025-09-02,15:10:33.04,"Fontenot, Grant",701584,Right,LSU_FAL,,Fastball,Live,,91.98524,-1.642117294,-4.497019148,2420.288096,211.7487938,1:00,4.99756,1.8327,7.58981,-19.73987,11.35838,7.05351,1.87182,-1.62934,83.78618,-5.467836467,-3.129237166,0.4013648507,-5.39214,7.01709,-1.60563,50,4.90911,10.36314,-133.77638,-4.28995,-9.70703,30.63608,-19.54175,81f4ef99-dee0-4ebd-9726-fa54a970775c,1aa949a0-302d-40da-900f-7e8fc4ee565c,93.91066,Pitching,22280001,,,,,,,,,,,,,,,,,,,217.6153951,45.73710735,1689.244007,0.6979516239,1:15
179,2025-09-02,15:15:16.19,"Benge, Connor",829657,Right,LSU_FAL,,Fastball,Live,,90.59817,-1.238950201,-3.944097462,2215.043056,221.2716202,1:30,4.87275,1.42668,5.14427,-18.16554,17.47114,15.37228,2.18966,-1.01112,81.10457,-4.636954865,-1.068091334,0.4296551281,-9.42326,9.63134,-1.06895,50,4.74315,8.4829,-131.20949,-3.51034,-16.12331,32.55676,-15.69471,927eb49b-b413-4221-b836-3d9c53f2a471,1aa949a0-302d-40da-900f-7e8fc4ee565c,87.72719,Pitching,22280001,,,,,,,,,,,,,,,,,,,,21.54683883,2060.250632,0.9301176453,
180,2025-09-02,15:15:30.41,"Benge, Connor",829657,Right,LSU_FAL,,Fastball,Live,,91.7097,-1.489243409,-3.98828442,2236.242358,225.3516877,1:30,4.90648,1.45114,,-19.50193,17.05869,17.30467,1.84251,-0.95604,81.8638,-5.057878916,-0.8194729795,0.4351892343,-10.07702,9.11513,-1.00801,50,4.71261,8.47943,-132.47466,-4.30542,-17.55938,33.43219,-16.29079,942481cc-8868-4840-a869-78bc69b56252,1aa949a0-302d-40da-900f-7e8fc4ee565c,,Pitching,22280001,,,,,,,,,,,,,,,,,,,,20.51332616,2094.44382,0.9365907108,
181,2025-09-02,15:15:44.83,"Benge, Connor",829657,Right,LSU_FAL,,Fastball,Live,,91.78674,-1.262257274,-4.149760693,2331.449273,223.107066,1:30,4.78811,1.25881,5.64354,-17.63555,16.45047,15.43819,2.13792,-1.33185,82.17676,-4.591561139,-1.23588212,0.4202034173,-9.67987,9.25843,-0.91616,50,4.66986,9.12118,-133.01355,-3.54337,-17.0109,33.61195,-15.90377,b7af2152-be8a-4827-b83b-aaf7e1efafff,1aa949a0-302d-40da-900f-7e8fc4ee565c,89.70046,Pitching,22280001,,,,,,,,,,,,,,,,,,,,23.45092845,2138.874479,0.9174012507,
182,2025-09-02,15:16:03.06,"Benge, Connor",829657,Right,LSU_FAL,,Sinker,Live,,92.4165,-2.191555233,-4.757894413,2194.911569,221.0150197,1:15,4.88382,1.26874,5.23041,-17.08606,16.78483,14.62248,1.39204,-1.99492,83.70209,-5.369957076,-2.038860568,0.4188752473,-9.13178,9.50989,-0.84092,50,4.66904,10.59003,-133.77714,-5.77346,-16.43959,30.63298,-15.05376,ef71945f-2015-4e3c-ba57-f4a540491191,1aa949a0-302d-40da-900f-7e8fc4ee565c,89.98488,Pitching,22280001,,,,,,,,,,,,,,,,,,,,27.59390997,1945.246565,0.8862528185,
183,2025-09-02,15:16:20.08,"Benge, Connor",829657,Right,LSU_FAL,,Sinker,Live,,91.27286,-1.195767112,-4.233386041,2142.6405,226.6931641,1:30,4.94908,1.42569,,-21.7387,14.40274,15.32557,1.98726,-1.36517,82.55687,-5.163251556,-1.435166795,0.4326872908,-9.0399,7.66759,-0.96962,50,4.79337,9.11867,-132.03894,-3.69272,-15.85319,29.8559,-18.72747,9d03538e-66f7-436c-a8b7-e256c5c37a9b,1aa949a0-302d-40da-900f-7e8fc4ee565c,,Pitching,22280001,,,,,,,,,,,,,,,,,,,,20.81906888,2002.742016,0.9347074398,
184,2025-09-02,15:16:47.85,"Benge, Connor",829657,Right,LSU_FAL,,Sinker,Live,,91.98333,-0.2173480796,-3.238683015,2062.507069,233.0221292,1:45,4.91152,1.47055,,-23.44387,12.40211,16.53267,2.74889,-0.26396,82.46939,-4.516915475,-0.2036809158,0.4309150053,-9.44999,6.37235,-1.12449,50,4.86298,6.82181,-133.12275,-1.51412,-16.69249,32.75297,-20.91792,1c19a528-bdd1-43ad-ab54-28c5ecea3fa7,1aa949a0-302d-40da-900f-7e8fc4ee565c,,Pitching,22280001,,,,,,,,,,,,,,,,,,,,32.87886714,1732.134998,0.8398201508,
185,2025-09-02,15:17:08.26,"Benge, Connor",829657,Right,LSU_FAL,,Sinker,Live,,91.69081,-1.260683959,-3.333150388,2029.342527,225.9822406,1:30,4.83356,1.30761,5.31378,-18.55593,15.63899,16.21616,2.10197,-0.47251,82.97935,-4.723465817,-0.3033718671,0.4208740833,-9.59218,8.66081,-1.01713,50,4.70612,7.1555,-133.0274,-3.60991,-17.0473,30.72611,-16.78197,6d4d9845-1e73-4783-a63d-30867889e625,1aa949a0-302d-40da-900f-7e8fc4ee565c,89.55752,Pitching,22280001,,,,,,,,,,,,,,,,,,,,28.09485225,1790.223434,0.8821691806,
186,2025-09-02,15:17:31.05,"Benge, Connor",829657,Right,LSU_FAL,,Sinker,Live,,91.84182,-0.4174363801,-2.202147488,1945.176975,230.192749,1:45,4.89577,1.2454,5.1204,-20.80986,13.49836,16.2375,2.76817,0.5235,83.01743,-4.291966288,0.8263063926,0.4215707756,-9.21654,7.22861,-1.05086,50,4.84083,4.51616,-133.34167,-1.75567,-16.43088,31.29591,-19.28718,6c3d0592-917a-4766-a957-cf8fe058820b,1aa949a0-302d-40da-900f-7e8fc4ee565c,89.40952,Pitching,22280001,,,,,,,,,,,,,,,,,,,,26.37128814,1742.751086,0.8959344618,
187,2025-09-02,15:17:51.11,"Benge, Connor",829657,Right,LSU_FAL,,Fastball,Live,,92.15348,-1.514375946,-2.808934678,2202.697191,220.4005545,1:15,4.93303,1.42969,,-17.32043,18.29304,15.59028,2.03642,0.03504,82.57756,-4.696212446,0.06035018781,0.4295151568,-8.86875,9.82413,-1.1352,50,4.74837,5.88102,-133.38661,-4.26775,-15.7115,33.15781,-14.77004,170a73ab-7a7c-4d25-b451-3e9fa8d09dc0,1aa949a0-302d-40da-900f-7e8fc4ee565c,,Pitching,22280001,,,,,,,,,,,,,,,,,,,,24.01098923,2012.092141,0.9134674295,
188,2025-09-02,15:18:16.52,"Benge, Connor",829657,Right,LSU_FAL,,Fastball,Live,,91.93396,-3.730995465,-4.102452293,1943.637836,224.0795759,1:30,4.82061,1.21256,5.40487,,,,,,,,,,-9.31049,9.48384,-0.85765,50,4.47501,8.9946,-133.03863,-9.35768,-16.55673,30.61549,-15.30905,a4fdb847-06b7-41f1-ac3e-37a109db09e1,1aa949a0-302d-40da-900f-7e8fc4ee565c,,Pitching,22280001,,,,,,,,,,,,,,,,,,,,30.2096912,1679.671813,0.8641897071,
189,2025-09-02,15:18:38.02,"Benge, Connor",829657,Right,LSU_FAL,,Fastball,Live,,91.49756,-0.6537936864,-3.099000992,2133.019238,216.9516975,1:15,4.90707,1.24652,5.301,-15.09648,19.34245,14.58525,3.03441,-0.44978,82.42871,-3.478895967,-0.3693363274,0.4223730878,-8.69334,10.44931,-0.97546,50,4.83696,6.65681,-132.76216,-2.06683,-15.33359,31.53913,-13.74323,db5f2efb-4796-4728-aeee-da9e3381d19f,1aa949a0-302d-40da-900f-7e8fc4ee565c,89.23968,Pitching,22280001,,,,,,,,,,,,,,,,,,,,24.84391575,1935.620493,0.9074557126,
190,2025-09-02,15:18:59.01,"Benge, Connor",829657,Right,LSU_FAL,,Sinker,Live,,92.12233,-1.114703867,-5.293627154,2163.766437,220.1419644,1:15,4.91378,1.24137,5.35481,-17.01959,16.96093,14.36439,2.4456,-2.53969,83.23336,-4.292587514,-2.618371483,0.4195525984,-9.21089,9.32825,-0.7748,50,4.80138,11.83123,-133.32936,-3.22437,-16.45071,30.75884,-15.51373,1e755b20-5eac-4674-b92f-e14234359a23,1aa949a0-302d-40da-900f-7e8fc4ee565c,89.8396,Pitching,22280001,,,,,,,,,,,,,,,,,,,,37.09335648,1725.936664,0.7976538663,
191,2025-09-02,15:19:20.28,"Benge, Connor",829657,Right,LSU_FAL,,Sinker,Live,,91.84827,-1.447114891,-3.651771141,1952.453827,231.5976818,1:45,4.8556,1.21671,5.43818,-21.09579,12.71779,16.07499,1.7397,-0.86736,83.52509,-5.380973655,-0.6492133549,0.4185206947,-9.59809,7.17579,-0.90468,50,4.71315,7.92721,-133.27038,-4.13257,-17.19237,29.7204,-19.32058,ecc17957-3ddb-4709-900c-1b1409239dce,1aa949a0-302d-40da-900f-7e8fc4ee565c,90.06111,Pitching,22280001,,,,,,,,,,,,,,,,,,,,30.61055504,1680.375943,0.8606482366,
192,2025-09-02,15:19:39.25,"Benge, Connor",829657,Right,LSU_FAL,,Sinker,Live,,92.56125,-1.385395159,-4.651657335,1930.266263,243.5894213,2:00,4.92538,1.13391,5.44786,-25.12032,8.57639,17.30922,1.53062,-1.78763,83.32145,-6.091780416,-1.404862072,0.4177968514,-10.7222,5.01696,-0.73458,50,4.78595,10.2856,-134.03134,-4.15188,-19.21296,33.01023,-23.18423,a27714d8-1801-4e89-b8c3-f82e71590571,1aa949a0-302d-40da-900f-7e8fc4ee565c,90.21714,Pitching,22280001,,,,,,,,,,,,,,,,,,,,36.03221603,1560.980016,0.808686369,
193,2025-09-02,15:20:15.48,"Benge, Connor",829657,Right,LSU_FAL,,Sinker,Live,,92.27468,-0.3808643235,-1.929550493,2064.030727,226.5161647,1:30,4.91873,1.27232,5.12286,-20.04917,13.86553,14.65383,2.88907,0.6756,83.55207,-4.111065739,0.8013507739,0.4191460899,-8.28642,7.40562,-1.10229,50,4.86781,3.95982,-134.01397,-1.65081,-14.9499,31.1125,-18.81322,42cf1045-cec3-4742-84dc-f1234b3b6bf2,1aa949a0-302d-40da-900f-7e8fc4ee565c,89.92673,Pitching,22280001,,,,,,,,,,,,,,,,,,,,23.34808633,1895.015693,0.9181140905,
194,2025-09-02,15:20:35.68,"Benge, Connor",829657,Right,LSU_FAL,,Fastball,Live,,92.56864,-2.796951562,-2.144169909,2261.125834,221.3712147,1:30,4.94032,1.35568,5.03169,-17.32232,16.91263,14.88925,0.85433,0.57279,83.09121,-6.019769805,0.6407983345,0.4211203795,-8.53758,9.81879,-1.16249,50,4.65966,4.4545,-134.13126,-7.21769,-15.26635,34.01194,-14.61673,0bae8c91-de10-40e8-bd0e-58e1c7c425e3,1aa949a0-302d-40da-900f-7e8fc4ee565c,89.50514,Pitching,22280001,,,,,,,,,,,,,,,,,,,,20.00456618,2124.701622,0.9396653606,
195,2025-09-02,15:21:10.83,"Benge, Connor",829657,Right,LSU_FAL,,Fastball,Live,,91.51379,-0.6691028815,-1.679820133,2059.722685,219.5105036,1:15,4.96408,1.23995,5.03357,-17.81551,17.14258,14.1617,2.84798,0.83502,81.93862,-3.997571657,0.9708027166,0.4255447778,-8.00772,9.23654,-1.0906,50,4.88649,3.36026,-132.77849,-2.22274,-14.01842,33.57184,-16.00446,e6c09146-7ddc-40f7-b904-f564afb91629,1aa949a0-302d-40da-900f-7e8fc4ee565c,88.57455,Pitching,22280001,,,,,,,,,,,,,,,,,,,,24.78714558,1869.963649,0.9078715606,
196,2025-09-02,15:21:27.49,"Benge, Connor",829657,Right,LSU_FAL,,Fastball,Live,,91.54118,-1.163851277,-1.993222749,2010.21956,221.6253449,1:30,4.93017,1.26531,5.08889,-18.84312,15.86824,14.12353,2.26233,0.56319,82.44495,-4.675264965,0.6452376606,0.4240403596,-8.06464,8.71813,-1.08779,50,4.80586,4.09291,-132.84756,-3.40831,-14.2108,32.17189,-16.81174,c3ab19b7-ebc3-410a-aaa7-9c9f29161c54,1aa949a0-302d-40da-900f-7e8fc4ee565c,88.8888,Pitching,22280001,,,,,,,,,,,,,,,,,,,,20.44631581,1883.575547,0.9369999104,
197,2025-09-02,15:22:01.71,"Benge, Connor",829657,Right,LSU_FAL,,Fastball,Live,,92.26623,-2.781315342,-3.707341525,2075.193559,214.1084782,1:15,4.95279,1.12109,5.32755,-16.33526,17.46244,11.83149,0.97458,-1.37602,83.68118,-5.821565965,-1.499945896,0.4184224709,-7.36922,10.07609,-0.79437,50,4.68951,8.22956,-133.70115,-7.10779,-13.24898,30.64829,-14.05845,2fb1e412-a884-4e74-b83f-ae5378862422,1aa949a0-302d-40da-900f-7e8fc4ee565c,90.08225,Pitching,22280001,,,,,,,,,,,,,,,,,,,,18.85285887,1963.862635,0.9463515474,
198,2025-09-02,15:22:26.03,"Benge, Connor",829657,Right,LSU_FAL,,Fastball,Live,,91.37046,-1.47167696,-2.93353649,2163.724065,215.8459905,1:15,4.9788,1.39075,,-17.56506,18.70532,13.53582,2.10394,-0.29223,81.6244,-4.706592196,-0.4366874639,0.4334584525,-7.90747,10.05915,-1.08277,50,4.80018,6.20922,-132.21492,-4.13582,-13.71915,33.40941,-14.72183,6069fe48-d5a3-47b5-bb63-6ab5ec8aca67,1aa949a0-302d-40da-900f-7e8fc4ee565c,,Pitching,22280001,,,,,,,,,,,,,,,,,,,,23.98224638,1976.932893,0.9136714448,
199,2025-09-02,15:22:56.48,"Benge, Connor",829657,Right,LSU_FAL,,Fastball,Live,,91.14202,-1.630357831,-1.63716962,1956.702273,212.1453112,1:00,4.9809,1.35338,4.92221,-14.94711,20.24082,12.73134,2.19314,0.86634,82.16636,-4.405035087,0.7324758932,0.4269413785,-7.16856,11.09197,-1.20424,50,4.81009,3.29143,-132.24709,-4.33909,-12.53939,31.43621,-12.77175,a47a37df-e61a-4371-ab1b-4d5ef7c89c58,1aa949a0-302d-40da-900f-7e8fc4ee565c,88.28481,Pitching,22280001,,,,,,,,,,,,,,,,,,,,27.18915745,1740.492264,0.8895028578,
200,2025-09-02,15:23:15.63,"Benge, Connor",829657,Right,LSU_FAL,,Fastball,Live,,92.22302,-1.913784129,-3.007145283,2158.590158,202.5639588,12:45,4.98565,0.79259,4.85811,-14.59329,20.08814,8.35985,1.95519,-1.35929,82.70087,-4.625891508,-1.4512488,0.4238575634,-5.35182,11.11819,-0.50311,50,4.78497,6.69253,-133.59766,-5.03883,-9.50772,33.35577,-12.42214,b2151ab1-cbc1-4302-a456-ff65c89bdf04,1aa949a0-302d-40da-900f-7e8fc4ee565c,88.92714,Pitching,22280001,,,,,,,,,,,,,,,,,,,,26.84643231,1925.937604,0.8922201357,
201,2025-09-02,15:23:32.99,"Benge, Connor",829657,Right,LSU_FAL,,Fastball,Live,,91.7006,-1.521733073,-2.134518977,1948.61884,216.8924899,1:15,4.99429,0.79425,5.1195,-19.41343,14.9449,11.23488,1.94197,-0.28078,83.15121,-5.127079176,-0.04190395733,0.4218785174,-6.54517,8.31222,-0.60227,50,4.83659,4.53862,-133.12471,-4.27018,-11.65911,30.54519,-17.36724,0703f7ca-230a-4714-9cf1-ee7255991c8d,1aa949a0-302d-40da-900f-7e8fc4ee565c,89.3443,Pitching,22280001,,,,,,,,,,,,,,,,,,,,28.15492039,1718.048469,0.8816749763,